GO
SET IDENTITY_INSERT [dbo].[Producers] ON 
GO
INSERT [dbo].[Producers] ([ProducerId], [ProducerName], [Description], [Site]) VALUES (0, N'Отсутствует', N'Объект, означающий отсутствие производителя', N'http://Not')
GO
INSERT [dbo].[Producers] ([ProducerId], [ProducerName], [Description], [Site]) VALUES (2, N'Image-Line', N'Image-Line — бельгийская компания-разработчик программного обеспечения, основанная в 1994 году. Компания приобрела известность главным образом благодаря созданию цифровой музыкальной студии FL Studio[1] и связанных с ней плагинов — таких, например, как синтезатор Sytrus.[2] В 2007 году Image-Line представила виртуальный диджейский пульт Deckadance.[1] Компания также выпускает EZGenerator, программу для создания веб-сайтов на основе шаблонов.', N'http://www.Image-Line.com')
GO
INSERT [dbo].[Producers] ([ProducerId], [ProducerName], [Description], [Site]) VALUES (3, N'Cockos Incorporated', N'Кампания, которую в 2004 году основал американский программист Justin Frankel, названный в MIT Technology Review TR100 в 2002 году одним из 100 лучших новаторов в мире в возрасте до 35 лет. В прошлом Джастин работал над созданием серверного программного обеспечения SHOUTcast, Gnutella, плеера Winamp и другими проектами.', N'http://reaper.fm')
GO
INSERT [dbo].[Producers] ([ProducerId], [ProducerName], [Description], [Site]) VALUES (4, N'Steinberg', N'Steinberg GmbH (Steinberg Media Technologies GmbH) - немецкая компания по производству музыкального программного обеспечения и оборудования, базирующаяся в Гамбурге. Он в основном производит запись музыки, компоновку и редактирование программного обеспечения, используемого в цифровых звуковых рабочих станциях и VSTi-синтезаторах программного обеспечения. Steinberg является дочерней компанией Yamaha.', N'http://www.steinberg.net')
GO
INSERT [dbo].[Producers] ([ProducerId], [ProducerName], [Description], [Site]) VALUES (5, N'Ableton', N'Ableton AG - берлинская музыкальная софтверная компания, которая выпускает и распространяет программу производства и производительности Ableton Live и набор связанных инструментов и библиотек примеров, а также собственный программный контроллер Ableton Push.', N'http://ableton.com/en/live')
GO
INSERT [dbo].[Producers] ([ProducerId], [ProducerName], [Description], [Site]) VALUES (6, N'Cakewalk', N'Cakewalk, Inc. была компанией программного обеспечения для производства музыки, базирующейся в Бостоне, штат Массачусетс.

Наиболее известным продуктом компании было программное обеспечение для цифровой звуковой рабочей станции профессионального уровня (DAW) профессионального уровня SONAR. SONAR интегрирует многодорожечную запись и редактирование цифрового аудио и MIDI. Компания также предлагает полный спектр музыкальных программных продуктов, включая Pyro Audio Creator - программу управления цифровой музыкой и Dimension Pro - виртуальный инструмент.', N'http://cakewalk.com')
GO
INSERT [dbo].[Producers] ([ProducerId], [ProducerName], [Description], [Site]) VALUES (7, N'Waves Audio', N'Waves Audio Ltd. является разработчиком и поставщиком профессиональных технологий обработки цифрового аудиосигнала и аудиоэффектов, используемых в области записи, микширования, мастеринга, пост-продакшн, трансляции и живого звука. Штаб-квартира компании и основные объекты развития расположены в Тель-Авиве, с дополнительными офисами в США, Китае и Тайване, а также центрами развития в Индии и Украине.', N'http://Waves.com')
GO
INSERT [dbo].[Producers] ([ProducerId], [ProducerName], [Description], [Site]) VALUES (8, N'FabFilter', N'Компания FabFilter Software Instruments была основана в 2002 году Фредериком Слиджкерменом (Frederik
Slijkerman) и Флорисом Клинкертом (Floris Klinkert), и базируется в центре Амстердама (Нидерланды). Будучи
профессиональными музыкантами и студийными звукоинженерами, Флорис и Фредерик всегда отдавали
предпочтение звучанию старого аналогового оборудования, но и не отставали от новых разработок программного
синтезирования. Однако, ни один из доступных программных эффектов и инструментов не удовлетворял их
профессиональным стандартам. Большинство разработчиков подобных плагинов пытаются эмулировать старое
аналоговое оборудование, или напичкать свои плагины обилием опций и (часто посредственными) эффектами,
уходя от реальной проблемы: качество звука. Будучи профессиональными разработчиками программного
обеспечения, Фредерик и Флорис решили пойти по другому пути и создать аудио эффекты и инструменты,
о которых они мечтали давно. Это привело к появлению синтезатора «FabFilter One» в начале 2004 года с
последующим появлением плагинов FabFilter Volcano, Twin, Timeless, Simplon, Pro-C, Volcano 2, Twin 2, Timeless
2, Pro-Q, Micro, Pro-L и Pro-G. Для достижения этих целей, много усилий было приложено к развитию особенно
продвинутым алгоритмов фильтрации, эквализации и динамической обработки, разработке первоклассных
цифровых осцилляторов, и уникальных инновационных решений в программировании интерфейса. В результате
крайне оптимизированный дизайн плагинов FabFilter оказался очень не требователен в ресурсах процессора.
Структура плагинов FabFilter подразумевает, что музыканты нуждаются не в большем количестве регуляторов,
фейдеров или опций, а ищут наилучшее качество звука, а также удобство и простоту использования. В будущем,
линейка продуктов FabFilter будет постоянно расширяться с поддержкой платформ Mac OS X и Windows,
обеспечивая наилучшее качество звука и дизайн.', N'http://fabfilter.com')
GO
INSERT [dbo].[Producers] ([ProducerId], [ProducerName], [Description], [Site]) VALUES (9, N'FXpansion', N'Производитель плагинов', N'Нету')
GO
INSERT [dbo].[Producers] ([ProducerId], [ProducerName], [Description], [Site]) VALUES (10, N'Native Instruments', N'Native Instruments — немецкая фирма, занимающаяся выпуском музыкального программного обеспечения. Стоит у истоков революции в музыкальном производстве, которую совершило появление виртуальных музыкальных инструментов — программных модулей (плагинов), использующихся в ПО для создания музыки: Logic Studio, Steinberg Cubase, Cakewalk Sonar, Pro Tools, REAPER, Ableton Live и других.

Благодаря тщательной разработке и продуманной концепции, разработки компании завоевали признание известных музыкантов, включая Kraftwerk, Брайана Ино, Coldcut, Depeche Mode, Junkie XL, Кирка Хэммета (Metallica), Пауля Ландерса и Рихарда Круспе (Rammstein) и многих других.', N'http://native-instruments.com')
GO
INSERT [dbo].[Producers] ([ProducerId], [ProducerName], [Description], [Site]) VALUES (11, N'VOX', N'Vox Media Inc. — американская компания, занимающаяся цифровым медиа, владеющая восемью редакционными брендами: SB Nation, The Verge, Polygon, Curbed, Eater, Racked, Vox и Recode. Все сайты Vox Media построены на Chorus, собственной проприетарной платформе цифровой публикации.[4]

Штаб-квартиры Vox Media, Inc. находится в Вашингтоне и Нью-Йорке [2], компания имеет офисы в Лос-Анджелесе, Чикаго, Остине и Сан-Франциско. По состоянию на 2010 объединяет 300 сайтов с 400 оплачиваемыми авторами', N'http://www.jamvox-online.com/')
GO
SET IDENTITY_INSERT [dbo].[Producers] OFF
GO
SET IDENTITY_INSERT [dbo].[PackagePlugins] ON 
GO
INSERT [dbo].[PackagePlugins] ([PackagePluginId], [PackageName], [ProducerId], [Description]) VALUES (0, N'Отсутствует', 0, N'Отсутствует')
GO
INSERT [dbo].[PackagePlugins] ([PackagePluginId], [PackageName], [ProducerId], [Description]) VALUES (1, N'Без пакета', 0, N'Плагин не принадлежит к пакету')
GO
INSERT [dbo].[PackagePlugins] ([PackagePluginId], [PackageName], [ProducerId], [Description]) VALUES (2, N'Стандартная комплектация Fl Studio', 2, N'Плагины, которые входят в стандартную комплектацию FL Studio. 
Поставляются вместе с ней и производителями которых является фирма Image-Line')
GO
INSERT [dbo].[PackagePlugins] ([PackagePluginId], [PackageName], [ProducerId], [Description]) VALUES (3, N'Стандартная комплектация Ableton Live ', 5, N'Плагины, которые входят в начальную комплектацию DAW Ableton Live от компании Ableton.')
GO
INSERT [dbo].[PackagePlugins] ([PackagePluginId], [PackageName], [ProducerId], [Description]) VALUES (4, N'FabFilter – Total Bundle', 8, N'Пакет плагинов для динамической обработки от FabFilter')
GO
SET IDENTITY_INSERT [dbo].[PackagePlugins] OFF
GO
SET IDENTITY_INSERT [dbo].[TypePlugins] ON 
GO
INSERT [dbo].[TypePlugins] ([TypePluginId], [Type], [Description]) VALUES (0, N'Отсутствует', N'Объект, означающий отсутствие типа у плагина')
GO
INSERT [dbo].[TypePlugins] ([TypePluginId], [Type], [Description]) VALUES (1, N'Эквалайзер', N'Эквалайзер (англ. equalize - "выравнивать", общее сокращение - "EQ"), темброблок - это устройство или компьютерная программа, которая позволяет увеличивать, либо уменьшать громкость отдельных зон частотного диапазона, выравнивать амплитудно-частотную характеристику звукового сигнала, то есть корректировать его (сигнала) амплитуду избирательно, в зависимости от частоты.

Рождённый в 30-х годах, эквалайзер является старейшей и наиболее часто используемой звукорежиссёрами обработкой звука. Сегодня на рынке хватает самых разных приборов для тембровой коррекции – от простого НЧ-ВЧ корректора 50-х до навороченного многополосного эквалайзера с совершенной параметрикой. В своей основе эквалайзер представляет собой несколько электронных фильтров, позволяющих изменять амплитудно-частотную характеристику звукового устройства. За последние пол века схемотехника эквалайзеров усовершенствовалась необычайно, стремясь удовлетворить от возросшие требования аудио индустрии. ')
GO
INSERT [dbo].[TypePlugins] ([TypePluginId], [Type], [Description]) VALUES (2, N'Компрессор', N'Компрессор (от англ. «compress» — сжимать, сдавливать) — это электронное устройство или компьютерная программа, выполняющее уменьшение (сжатие) динамического диапазона звукового сигнала; иными словами, компрессор позволяет сделать более узкой разницу между самым тихим и самым громким звуком.

В подавляющем большинстве компрессоры относятся к профессиональному звуковому оборудованию, так как встретить их в бытовой сфере можно крайне редко (применялись лишь в магнитофонах высших классов).

На сегодняшний день можно встретить ламповые, транзисторные и цифровые компрессоры.')
GO
INSERT [dbo].[TypePlugins] ([TypePluginId], [Type], [Description]) VALUES (3, N'Фильтр', N'Частотный фильтр – это устройство для выделения нужных частот спектра и подавления не нужных.
Существуют несколько типов фильтров:

Low Pass– фильтр нижних частот – срезает все частоты, находящиеся выше заданной;
Hi Pass – фильтр верхних частот срезает все частоты, находящиеся ниже заданной;
Band Pass– полосовой фильтр  – позволяет увеличивать или уменьшать уровень заданного диапазона частот;
Low Shelf – позволяет увеличивать или уменьшать уровень сигнала от заданной частоты и ниже;
Hi Shelf – позволяет увеличивать или уменьшать уровень сигнала от заданной частоты и выше.
Стандартный частотный фильтр имеет следующие настройки:

– частота среза (Cutoff или Freq) – базовая частота от которой срезается определенный спектр;

– добротность или резонанс (Q или Res) – ширина рабочей частоты вокруг частоты среза;

– тип фильтра.')
GO
INSERT [dbo].[TypePlugins] ([TypePluginId], [Type], [Description]) VALUES (4, N'Синтезатор', N'Программа формата vsti, подключаемая к DAW и являющаяся не эффектом обработки, а генератором звука')
GO
INSERT [dbo].[TypePlugins] ([TypePluginId], [Type], [Description]) VALUES (5, N'Деэссер', N'Деэссер (англ. Deesser) - предназначен для уменьшения или устранения избыточно шипящих звуков в записи человеческого голоса. Избыток шипения может быть вызван компрессией, выбранным микрофоном или техникой, и даже просто губами вокалиста. Шипение лежит в диапазоне между 2 кГц - 10 кГц, в зависимости от человека. Чаще всего избыточное шипение появляется при произношении таких звуков как «С», «Ч», «Щ».

Деэссер это динамический процесс, он срабатывает только тогда, когда уровень шипящего сигнала превышает установленный порог выбранной полосы частот. Он отличается от эквалайзера, который статически изменяет уровень частот, но он также может быть использован для снижения уровня шипящих частот.')
GO
INSERT [dbo].[TypePlugins] ([TypePluginId], [Type], [Description]) VALUES (6, N'Гейт', N'Гейт (англ. noise gate - шумовые ворота) - шумовой гейт или просто гейт это электронное устройство или плагин динамической обработки, который используется для контроля уровня звукового сигнала. Гейт пропускает или глушит сигнал в зависимости от установленного порогового значения. Он очень часто используется для подавления шума в паузах.')
GO
INSERT [dbo].[TypePlugins] ([TypePluginId], [Type], [Description]) VALUES (7, N'Лимитер', N'Лимитер (англ. Limiter - ограничитель) - ограничитель динамического диапазона (часто путается с максимайзером). В большинстве случаев используется для предотвращения перегрузки (клиппинга) и подавления кратковременных всплесков уровня (пиков), при выравнивании динамики сигнала.')
GO
INSERT [dbo].[TypePlugins] ([TypePluginId], [Type], [Description]) VALUES (8, N'Сатуратор', N'Сатурация (англ. Saturation - насыщение) - это эффект насыщения сигнала нечётными гармониками, происходящей за счет "скругления" пиков фонограммы (надо сказать, что сатурация не создает сами гармоники, а воздействует на форму сигнала; гармоники являются следствием этого воздействия, и появляются, грубо говоря, только для самых громких звуков). Эффект получается при использовании лампового оборудования или специального программного обеспечения (эксайтера, сатуратора), он особо заметен при оказании сигналом большой нагрузки на оборудование (чем больше нагрузка на лампы, тем сильнее обогащение гармониками; при очень большой нагрузке наблюдается эффект, аналогичный клиппированию). Данный эффект характерен для ламповых усилителей, за счет чего они зарекомендовали себя у аудиоманов. Умеренное присутствие способствует улучшению восприятия звука, и часто применяется при мастеринге. Психоакустическое воздействие сатурации можно описать как теплее, больше, ближе, чище, ярче.')
GO
INSERT [dbo].[TypePlugins] ([TypePluginId], [Type], [Description]) VALUES (9, N'Дилей', N'Дилэй (англ. Delay - задержка) — эффект задержки звука, задержка происходит с помощью записи входного сигнала с последующим проигрыванием его через определённый период времени. Задержанный сигнал может воспроизводиться либо один раз, либо несколько раз для создания повторяющегося звука, похожего на распадающееся эхо.')
GO
INSERT [dbo].[TypePlugins] ([TypePluginId], [Type], [Description]) VALUES (10, N'Дисторшин', N'Дисторшн (также «дистошн») (англ. distortion — искажение) — звуковой эффект, достигаемый искажением сигнала путём его «жёсткого» ограничения по амплитуде, или устройство, обеспечивающее такой эффект. Наиболее часто применяется в музыкальных жанрах хард-рок, метал и панк-рок в сочетании с электрогитарой, а также в хардкор-техно и особенно в спидкоре и брейккоре с драм-машиной. Иногда этим термином обозначают группу однотипных звуковых эффектов (овердрайв, фузз и прочие), реализующих нелинейное искажение сигнала. Их также называют эффектами «перегруза», а соответствующие устройства — «искажателями».

Помимо электрогитары эффект применяют и с другими инструментами, например с бас-гитарой. Для бас-гитар применяются особые «искажатели», поскольку «искажатели» для гитар, в большинстве случаев, портят басовый звук, срезая значительную часть важных для него низких частот. Альтернативный вариант обработки бас-гитары заключается в использовании обычного «искажателя» и смешении чистого и обработанного сигналов в равной пропорции. «Искажатели» применяют также для обработки вокала и смычковых инструментов.

Эффект дисторшн, как компонент, присутствует в синтезаторах, эффект-процессорах и компьютерных программах для обработки звука.')
GO
SET IDENTITY_INSERT [dbo].[TypePlugins] OFF
GO
SET IDENTITY_INSERT [dbo].[Plugins] ON 
GO
INSERT [dbo].[Plugins] ([PluginId], [PluginName], [ProducerId], [TypePluginId], [PackageId], [Cost], [Description]) VALUES (6, N'Newtone', 2, 1, 2, 0, N'Редактирование высоты тона')
GO
INSERT [dbo].[Plugins] ([PluginId], [PluginName], [ProducerId], [TypePluginId], [PackageId], [Cost], [Description]) VALUES (7, N'Pitcher', 2, 1, 2, 0, N'Редактор питча')
GO
INSERT [dbo].[Plugins] ([PluginId], [PluginName], [ProducerId], [TypePluginId], [PackageId], [Cost], [Description]) VALUES (8, N'Patcher', 2, 1, 2, 0, N'Цепь эффектов или плагинов для создание сложных комплексных эффектов')
GO
INSERT [dbo].[Plugins] ([PluginId], [PluginName], [ProducerId], [TypePluginId], [PackageId], [Cost], [Description]) VALUES (9, N'ZGameEditor Visualizer', 2, 1, 2, 0, N'Эффект визуализации')
GO
INSERT [dbo].[Plugins] ([PluginId], [PluginName], [ProducerId], [TypePluginId], [PackageId], [Cost], [Description]) VALUES (10, N'Ableton Live Compressor', 5, 2, 3, 0, N'Компрессор уменьшает громкость сигналов выше, устанавливаемого пользователем порога. Компрессия уменьшает уровни пиков, открывая больший запас и позволяя повысить общую громкость сигнала. Это даёт сигнал выше средней громкости, в результате чего звук субъективно кажется громче и "панчёвее" чем несжатый сигнал.

Двумя наиболее важными параметрами компрессора являются порог (Threshold) и степени сжатия (Ratio).')
GO
INSERT [dbo].[Plugins] ([PluginId], [PluginName], [ProducerId], [TypePluginId], [PackageId], [Cost], [Description]) VALUES (11, N'Ableton Live Glue Compressor', 5, 2, 3, 0, N'Glue Compressor это аналогово-смоделированный компрессор созданный в сотрудничестве с Cytomic, и он основан на классическом шинном компрессоре из знаменитого микшерного пульта 80х. Как и оригинальный Compressor Live, Glue Compressor может быть использованы для основного контроля динамики отдельных треков, но в основном он предназначен для использования на мастер треке или группе треков «склеивая» несколько источников вместе в единое звучание микса.
Эффект Glue Compressor не поставляется в версиях Intro и Lite.')
GO
INSERT [dbo].[Plugins] ([PluginId], [PluginName], [ProducerId], [TypePluginId], [PackageId], [Cost], [Description]) VALUES (12, N'Waves С1', 7, 2, 1, 700, N'Waves C1-Compressor/Gate это динамический стерео процессор студийного качества и "параметрический компандер". Также C1 является полнофункциональным процессором динамической фильтрации, способным на множество уникальных эффектов в том числе украшающих звук, C1 применяется для улучшения и исправления проблем в качестве звука. Для максимальной гибкости и эффективности, C1 разделён на несколько небольших компонентов, таких как C1 comp и C1 gate или C1 comp-sc (компрессор с сайдчейном). Это позволяет вам выбрать именно тот динамический инструмент, который необходим для вашей работы. C1 comp и C1 gate (которые не имеют сайдчейна или взгляда в будущее) теперь могут быть использованы в 88.2/96 kHz на некоторых родных платформах.

C1 предназначен для субъективной оптимизации звука. Имеет богатые возможности и функциональность, и может сделать многое недоступное другим динамическим процессорам (будь они аналоговые или цифровые), C1 спроектирован на основах которые хорошо звучат на слух.')
GO
INSERT [dbo].[Plugins] ([PluginId], [PluginName], [ProducerId], [TypePluginId], [PackageId], [Cost], [Description]) VALUES (13, N'Waves RCompressor', 7, 2, 1, 450, N'Renaissance Compressor является классическим теплым компрессором и экспандером, с простым оптимизированным интерфейсом. Плагин использует технологии от C1 Parametric Compander и легендарного Waves L1 Ultramaximizer™. Waves в данном плагине использовали новую ARC (автоматический контроль Release) технологию. RComp идеальный компрессор при мастеринге или для контроля динамики, алгоритм ARC способен предоставить значительно больший среднеквадратичный уровень громкости (RMS) (при условии сильного сжатия). В основе интерфейса лежит 5 классических параметров, автоматическая подстройка Release (ARC/Manual(ARC/ручной)), плюс нежный способ управления (Warm/Smooth(тепло/гладко)), а также контроль за поведением (Opto/Electro(оптика/Electro)).

Внутренняя обработка звуковых данных производится в 64-битном разрешении с плавающей точкой. На выходе плагина производится понижение разрядности до 24 бит и дизеринг (подмешивание слабого "цифрового" шума, позволяющее и после снижения разрядности сохранить у слушателя ощущение большой ширины динамического диапазона).')
GO
INSERT [dbo].[Plugins] ([PluginId], [PluginName], [ProducerId], [TypePluginId], [PackageId], [Cost], [Description]) VALUES (14, N'FabFilter Micro', 8, 3, 4, 300, N'FabFilter Micro — высококачественный фильтр, легок в использовании, имеет низкочастотную и высокочастотную огибающие, чтобы модулировать частоту среза.')
GO
INSERT [dbo].[Plugins] ([PluginId], [PluginName], [ProducerId], [TypePluginId], [PackageId], [Cost], [Description]) VALUES (15, N'FabFilter One ', 8, 4, 4, 0, N'синтезатор с одним генератором,  имеет пилообразную, треугольную и квадратную формы волны с широтно-импульсной модуляцией.')
GO
INSERT [dbo].[Plugins] ([PluginId], [PluginName], [ProducerId], [TypePluginId], [PackageId], [Cost], [Description]) VALUES (16, N'FabFilter Pro-C 2 ', 8, 2, 4, 360, N'высококачественный компрессор для самых требовательных инженеров.')
GO
INSERT [dbo].[Plugins] ([PluginId], [PluginName], [ProducerId], [TypePluginId], [PackageId], [Cost], [Description]) VALUES (17, N'FabFilter Pro-DS', 8, 5, 4, 400, N'FabFilter Pro-DS — высокоинтеллектуальный де-эссер, подходит идеально как для обработки  микса, так и отдельно взятой вокальной партии.

')
GO
INSERT [dbo].[Plugins] ([PluginId], [PluginName], [ProducerId], [TypePluginId], [PackageId], [Cost], [Description]) VALUES (18, N'FabFilter Pro-G', 8, 6, 4, 290, N'FabFilter Pro-G — гейт/экспандер, имеет отлично настроенные алгоритмы, полный контроль боковой цепи управления и связывания каналов плюс отличный дизайн интерфейса.')
GO
INSERT [dbo].[Plugins] ([PluginId], [PluginName], [ProducerId], [TypePluginId], [PackageId], [Cost], [Description]) VALUES (19, N'FabFilter Pro-L ', 8, 7, 4, 500, N'FabFilter Pro-L — многофункциональный профессиональный лимитер, одновременно делающий звук громким и прозрачным.')
GO
INSERT [dbo].[Plugins] ([PluginId], [PluginName], [ProducerId], [TypePluginId], [PackageId], [Cost], [Description]) VALUES (20, N'FabFilter Pro-Q 2 ', 8, 1, 4, 310, N'FabFilter Pro-Q 2 — с данным эквалайзером вы получите максимально возможное качество звука с непревзойденной простотой использования, плюс великолепный, инновационный интерфейс, что нужно еще?')
GO
INSERT [dbo].[Plugins] ([PluginId], [PluginName], [ProducerId], [TypePluginId], [PackageId], [Cost], [Description]) VALUES (21, N'FabFilter Saturn', 8, 8, 4, 670, N'FabFilter Saturn — дисторшн и сатуратор – незаменимые инструменты для создания современной музыки.')
GO
INSERT [dbo].[Plugins] ([PluginId], [PluginName], [ProducerId], [TypePluginId], [PackageId], [Cost], [Description]) VALUES (22, N'FabFilter Simplon', 8, 3, 4, 70, N'FabFilter Simplon — фильтр, все так же прост в использовании с двумя многорежимными фильтрами.')
GO
INSERT [dbo].[Plugins] ([PluginId], [PluginName], [ProducerId], [TypePluginId], [PackageId], [Cost], [Description]) VALUES (23, N'FabFilter Timeless 2', 8, 9, 4, 400, N'FabFilter Timeless 2 — тэйп-дилей с уникальными высококачественными фильтрами. Есть возможность создать эхо, хорус, фленджер, фазер, скретч эффекты и многое другое.')
GO
INSERT [dbo].[Plugins] ([PluginId], [PluginName], [ProducerId], [TypePluginId], [PackageId], [Cost], [Description]) VALUES (24, N'FabFilter Twin 2', 8, 4, 4, 680, N'FabFilter Twin 2 — синтезатор, ультра-гибок в настройке и поставляется с более чем 1600 качественных звуков, которые можно использовать сразу же “из коробки”.')
GO
INSERT [dbo].[Plugins] ([PluginId], [PluginName], [ProducerId], [TypePluginId], [PackageId], [Cost], [Description]) VALUES (25, N'FabFilter Volcano 2', 8, 3, 4, 300, N'FabFilter Volcano 2 — фильтр, оказался одним из немногих плагинов, которые предлагают высококачественную цифровую фильтрацию с уникальным аналоговым характером. С кучей функций, опций модуляции и уникальным пользовательским интерфейсом, Volcano 2 является абсолютным лидером своего класса.')
GO
INSERT [dbo].[Plugins] ([PluginId], [PluginName], [ProducerId], [TypePluginId], [PackageId], [Cost], [Description]) VALUES (27, N'FXpansion - SingleMaultSE', 9, 10, 1, 770, N'FXpansion''s Single Mault SE - мощный эффект tone-shaping и дисторшн. Это 3-полосный дисторшн с 7 смоделированными алгоритмами искажения сигнала. Добавляйте фильтр, сатурацию, лимитер, транзиент шейпер и получайте фантастический способ настроить любой звук! Имея полную MIDI Learn функциональность, FXpansion''s Single Mault SE может управляться с любого вашего миди контроллера.')
GO
INSERT [dbo].[Plugins] ([PluginId], [PluginName], [ProducerId], [TypePluginId], [PackageId], [Cost], [Description]) VALUES (28, N'Native Instruments - Supercharger GT', 10, 8, 1, 1000, N'Supercharger GT поднимает звук современной ламповой компрессии на новую ступень с помощью превосходного управления, дополнительной сатурации и звукового формирования. Supercharger GT вносит горячую ламповую компрессию во все к чему прикасается. Легко формируйте свои треки с помощью богатого, гармонически усиленного звука.
')
GO
INSERT [dbo].[Plugins] ([PluginId], [PluginName], [ProducerId], [TypePluginId], [PackageId], [Cost], [Description]) VALUES (29, N'FXpansion - SingleMaultSE ', 3, 5, 2, 20, N'FXpansion''s Single Mault SE - мощный эффект tone-shaping и дисторшн. Это 3-полосный дисторшн с 7 смоделированными алгоритмами искажения сигнала. Добавляйте фильтр, сатурацию, лимитер, транзиент шейпер и получайте фантастический способ настроить любой звук! Имея полную MIDI Learn функциональность, FXpansion''s Single Mault SE может управляться с любого вашего миди контроллера.')
GO
INSERT [dbo].[Plugins] ([PluginId], [PluginName], [ProducerId], [TypePluginId], [PackageId], [Cost], [Description]) VALUES (30, N'Supercharger GT', 10, 0, 3, 100, N'Supercharger GT поднимает звук современной ламповой компрессии на новую ступень с помощью превосходного управления, дополнительной сатурации и звукового формирования. Supercharger GT вносит горячую ламповую компрессию во все к чему прикасается. Легко формируйте свои треки с помощью богатого, гармонически усиленного звука.')
GO
INSERT [dbo].[Plugins] ([PluginId], [PluginName], [ProducerId], [TypePluginId], [PackageId], [Cost], [Description]) VALUES (31, N'TotalBundle', 8, 4, 1, 500, N'FabFilter TotalBundle - содержит коллекцию последних версий плагинов, от нидерландской компании FabFilter Software Instruments. Сюда входят все синтезаторы и эффекты. Благодаря уникальным методам цифровой обработки сигналов, плагины FabFilter обладают отличным звучанием.')
GO
INSERT [dbo].[Plugins] ([PluginId], [PluginName], [ProducerId], [TypePluginId], [PackageId], [Cost], [Description]) VALUES (32, N'ArtsAcoustic', 5, 7, 2, 20, N'ArtsAcoustic Reverb - высококачественный ревербератор для повседневного использования в профессиональной или домашней студии. Уникальный плагин с продвинутыми настройками, при этом достаточно прост в использовании и действует по принципу алгоритмической реверберации. Ревербератор ArtsAcoustic не является конволюционным и не основан на каком либо другом из использовавшихся ранее алгоритмах. В работе плагин использует новые алгоритмы и методы.')
GO
INSERT [dbo].[Plugins] ([PluginId], [PluginName], [ProducerId], [TypePluginId], [PackageId], [Cost], [Description]) VALUES (33, N'JamVOX', 11, 0, 0, 400, N'Программное обеспечение JamVOX предлагает на выбор пользователя 19 моделей гитарных усилителей и 54 модели классических и современных эффектов, что позволяет с потрясающей достоверностью воссоздавать звук любимых исполнителей. Кроме этого, в комплект входит специальный полнодиапазонный акустический монитор с подключением по USB, таким образом для начала работы с JamVOX не потребуется ни дополнительного оборудования, ни специальных компьютерных знаний.')
GO
INSERT [dbo].[Plugins] ([PluginId], [PluginName], [ProducerId], [TypePluginId], [PackageId], [Cost], [Description]) VALUES (34, N'VIP Bundle', 5, 6, 3, 1000, N'В условиях современного рынка, музыкальная продукция постоянно развивается. Продюсерам и артистам необходимы профессионально звучащие плагины, которые еще и просты в использовании. Очень часто, драгоценное студийное время тратится впустую из-за слишком сложных аудио плагинов. Плагины необходимы чтобы раскрыть ваш потенциал, а не сдерживать его. Новая серия несет тот же самый профессиональный звук, который вы ожидаете от крупных разработчиков плагинов, но они намного проще в использовании. Разработанный с акцентом на качество и простоту, каждый плагин имеет понятный интерфейс только с самыми необходимыми кнопками и переключателями.')
GO
INSERT [dbo].[Plugins] ([PluginId], [PluginName], [ProducerId], [TypePluginId], [PackageId], [Cost], [Description]) VALUES (35, N'UpStereo Pro', 4, 5, 1, 10, N'QuikQuak UpStereo Pro - стерео энхансер, использующий уникальную технологию усиления стерео эффекта без сдвига фазы и эффекта инверсии. Плагин использует спектральную обработку, и разработанн для перемещения текущего расположения панорамы звука вокруг стерео поля. Параметры punch и sizzle точно управляют атакой транзиентов и интенсивностью баса и верхних частот. Линейный эквалайзер с точностью настроит ваш микс с помощью редактирования сплайнов.')
GO
INSERT [dbo].[Plugins] ([PluginId], [PluginName], [ProducerId], [TypePluginId], [PackageId], [Cost], [Description]) VALUES (36, N'Bitspeek', 7, 8, 0, 50, N'Sonic Charge Bitspeek - эффект возбуждения высоты тона, основанный на алгоритме кодирования речевого сигнала на основе линейного предсказания. Возможно что вы никогда не слышали о линейном предсказании(ЛП), хотя многие из нас используют его ежедневно когда разговаривают по сотовому телефону. Кодирование ЛП это технология сжатия голоса, которая появилась в коммерческих продуктах в семидесятых и была реализована в некоторых хорошо известных говорящих игрушках восьмидесятых.')
GO
INSERT [dbo].[Plugins] ([PluginId], [PluginName], [ProducerId], [TypePluginId], [PackageId], [Cost], [Description]) VALUES (37, N'DCAM Dynamics ', 9, 6, 1, 25, N'Набор FXpansion DCAM Dynamics включает в себя несколько высококачественных плагинов динамической обработки, вдохновленных аналоговыми приборами прошлого, но содержащих современные функции, такие как параллельная обработка и гибкое управление с помощью миди-контроллеров. Эти плагины идеально подходят для всего - от усиления транзиентов сигнала до создания творческих эффектов динамической обработки.')
GO
INSERT [dbo].[Plugins] ([PluginId], [PluginName], [ProducerId], [TypePluginId], [PackageId], [Cost], [Description]) VALUES (38, N'Ozone', 6, 6, 1, 478, N'iZotope Ozone – полноценное и функциональное приложение, которое можно смело назвать полноценной системой для выполнения мастеринга. В одном интегральном плагине собраны все необходимые инструменты, которые необходимы для постобработки различных музыкальных композиций. iZotope Ozone – это идеальный вариант, который предоставляет в распоряжение каждого музыканта абсолютно инновационный и совершенный инструментарий.')
GO
INSERT [dbo].[Plugins] ([PluginId], [PluginName], [ProducerId], [TypePluginId], [PackageId], [Cost], [Description]) VALUES (39, N'Lukas Blersch Thesis 2', 9, 9, 1, 67, N'Плагин гранулярного эффекта задержки для Windows, теперь бесплатный. Представляет собой гранулярный дилей, который поддерживает высоту тона, растяжение во времени, панорамирование и НЧ-модуляцию. Полностью интегрированная поддержка MIDI и синхронизация с темпом, наряду с системой, которая поддерживает изменение пресетов в режиме реального времени. Поддержка Windows 32 бит и 64 бит (в режиме bridge).')
GO
INSERT [dbo].[Plugins] ([PluginId], [PluginName], [ProducerId], [TypePluginId], [PackageId], [Cost], [Description]) VALUES (40, N'KR-Delay', 5, 10, 3, 22, N'Очередная версия этого плагина включает множество нововведений, среди которых возможность синхронизации по темпу с хостом в диапазоне от 1/64 до 1/1 (есть режимы с точкой и триоли); три режима работы: стерео, связанный и «пинг-понговый»; независимые НЧ- и ВЧ- фильтры с резонансом. Есть дисплей, отображающий состояние параметров.')
GO
INSERT [dbo].[Plugins] ([PluginId], [PluginName], [ProducerId], [TypePluginId], [PackageId], [Cost], [Description]) VALUES (41, N'Pecheneg Tremolo ', 7, 8, 1, 324, N'Эффект тремоло, который имеет возможность регулировать форму кривой тремоло модуляции и синхронизироваться с частотой хоста, или установить её вручную.

При синхронизации с хостом (Tempo: host), частота тремоло регулируется ручкой, которая устанавливает период модуляции, в то время как тип ноты (обычный, с точкой или триплет) может быть выбран под ручкой. При установке вручную (Tempo: man), частоту тремоло (в Гц) можно установить непосредственно с помощью регулятора. Ручки формы, фазы и симметричности устанавливают форму волны модуляции, с количеством модуляции, которое устанавливается регулятором глубины.')
GO
INSERT [dbo].[Plugins] ([PluginId], [PluginName], [ProducerId], [TypePluginId], [PackageId], [Cost], [Description]) VALUES (42, N'A1StereoControl', 6, 1, 1, 23, N'Бесплатный плагин эффекта стерео энхансера. С помощью этого плагина можно расширить или ограничить стерео ширину ваших треков, используя только один единственный регулятор. Это мощная техника может использоваться как на отдельных дорожках, так и на группах дорожек при сведении или даже на мастер-шине при финальном мастеринге.
')
GO
INSERT [dbo].[Plugins] ([PluginId], [PluginName], [ProducerId], [TypePluginId], [PackageId], [Cost], [Description]) VALUES (43, N'Kotelnikov', 11, 2, 1, 534, N'Это широкополосный динамический процессор объединяющий в себе высококачественный контроль динамического диапазона с музыкальной гибкостью. Как потомок древнего семейства продуктов TDR Feedback Compressor, Kotelnikov напрямую унаследовал несколько уникальных функций, таких как улучшенная схема управления, индивидуальное управление значением спада отдельно для пика и RMS, интуитивно понятный пользовательский интерфейс и мощные, высокоточные алгоритмы.')
GO
INSERT [dbo].[Plugins] ([PluginId], [PluginName], [ProducerId], [TypePluginId], [PackageId], [Cost], [Description]) VALUES (44, N' tcStretch', 5, 6, 1, 56, N'Плагин для сжатия-растяжения во времени, изменения высоты тона и размытия. Замедление возможно вплоть до миллиона раз. Изменение высоты тона возможно на октаву выше или ниже. Размытие смешивает соседние спектральные составляющие создавая более динамичную звуковую картину.

Воспроизведение чувствительно к переходам в исходном материале. Темп воспроизведения и степень размытия подстраивается автоматически в соответствии с контуром перехода в обрабатываемом материале. Проигрываение переходов в более быстром темпе, чем при их отсутствии, влечёт меньшее сжатие выходного звука на слух. 

Проигрывание переходов медленнее - наоборот, подчёркивает сжатие (особенно хорошо это слышно при проигрывании в обратном режиме материала с частыми переходами). Добавление размытия даёт немного лёгкой (или не лёгкой) случайности, которая помогает сделать выходной звук мнее статичным.')
GO
INSERT [dbo].[Plugins] ([PluginId], [PluginName], [ProducerId], [TypePluginId], [PackageId], [Cost], [Description]) VALUES (45, N'Mverb', 7, 5, 1, 566, N'Mverb - набор плагинов, состоящий из трех ревербераторов (Studio Lite, Studio Echo, Studio Quard), основанных на оригинальном ревербераторе "MVerb" Мартина Иствуда (Martin Eastwood Audio). В состав входят версии как для 32-битной, так и для 64-битной системы.')
GO
INSERT [dbo].[Plugins] ([PluginId], [PluginName], [ProducerId], [TypePluginId], [PackageId], [Cost], [Description]) VALUES (46, N'BreakTweaker', 6, 2, 1, 3656, N'Построенный на футуристическом движке MicroEdit Engine, BreakTweaker переворачивает все ваши знания о ритме с ног на голову. Разработанный iZotope в сотрудничестве с продюсером BT, BreakTweaker является не только драм-машиной, но и средой по формированию и созданию битов, которая стирает грань между ритмом и мелодией.')
GO
INSERT [dbo].[Plugins] ([PluginId], [PluginName], [ProducerId], [TypePluginId], [PackageId], [Cost], [Description]) VALUES (47, N'Audacity', 3, 6, 1, 0, N'Audacity - это бесплатный звуковой редактор с открытым исходным кодом. Audacity можно использовать для: Записи звука, Оцифровки аналоговых записей (кассет, грампластинок), Редактирования файлов в форматах Ogg Vorbis, MP3 и WAV, Физического редактирования нескольких файлов (вырезание, склейка, сведение), Изменения скорости и высоты тона записи, Ещё много для чего ещё!')
GO
INSERT [dbo].[Plugins] ([PluginId], [PluginName], [ProducerId], [TypePluginId], [PackageId], [Cost], [Description]) VALUES (48, N'OldSkoolVerb', 7, 3, 1, 0, N'Бесплатный плагин эффекта реверберации для Windows и Mac OS.
OldSkoolVerb - бесплатный плагин в форматах AU и VST для создания профессиональных музыкальных композиций. Это плагин реализует алгоритм "классичекой" стерео-реверберации, который является простым, но и оптимальным. Он также создаёт очень чистую пространственную картину, которая хорошо вписывается в микс.')
GO
INSERT [dbo].[Plugins] ([PluginId], [PluginName], [ProducerId], [TypePluginId], [PackageId], [Cost], [Description]) VALUES (49, N' Marvel GEQ', 7, 8, 1, 0, N'Marvel GEQ - бесплатный линейно-фазовый 16-полосный графический эквалайзер с поддержкой многоканальной обработки сигнала. Данный плагин позволяет звукоинженерам и просто музыкантам быстро и без каких-либо проблем обработать тот или иной инструмент или же сам микс в целом. Линейно-фазовая фильтрация, разработанная в данном плагине, хорошо подойдет для эквализации, когда в конечном итоге необходимо получить высокое качество и превосходные звуковые характеристики.')
GO
INSERT [dbo].[Plugins] ([PluginId], [PluginName], [ProducerId], [TypePluginId], [PackageId], [Cost], [Description]) VALUES (50, N'Stempel', 3, 7, 1, 0, N'Stempel - бесплатный плагин спектрального вокодера.Особенности:Линейный частотный шифтер (shifter).Два эквалайзера с различными режимами.Так называемый "magnitude mixer" – регулирование степени использования эффекта.В комплекте присутствует детальный мануал и различные пресеты.Изменения в версии 1.003:Режим эффекта можно изменить в "magnitude mixer".Добавлены два новых режима эквалайзера: "LP/HP" и винтажный "bandwidth".Обновлен скин.')
GO
INSERT [dbo].[Plugins] ([PluginId], [PluginName], [ProducerId], [TypePluginId], [PackageId], [Cost], [Description]) VALUES (51, N'Mildonstudios Vocals', 4, 8, 0, 654, N'Mildonstudios Vocals - это VST плагин, который служит для предобработки вашего вокального трека, заботясь о резких частотах и создавая возможность легче идеально вписать вокал в ваш микс. Vocals сочетает в себе эквализацию, расширение стереобазы, эффект реверберации и лёгкий унисон, объединенные в один маленький плагин, освобождая вас от необходимости загружать хост цепочкой этих эффектов.')
GO
INSERT [dbo].[Plugins] ([PluginId], [PluginName], [ProducerId], [TypePluginId], [PackageId], [Cost], [Description]) VALUES (52, N'Mu Voice ', 6, 6, 1, 65, N'Представьте себе плагин, который позволит вам подстраивать записи с вокалом, применять специальные эффекты и добавлять естественно звучащие гармоники при сведении. Mu Voice является как раз таким. В нём используются уникальные алгоритмы спектрального анализа и синтеза от Mu Technologies. Внутренняя задержка величиной всего в 5.8 мс делает этот плагин идеальным при использовании для обработки вокала в реальном времени.')
GO
INSERT [dbo].[Plugins] ([PluginId], [PluginName], [ProducerId], [TypePluginId], [PackageId], [Cost], [Description]) VALUES (53, N'AnalogX SayIt', 8, 7, 1, 0, N'Программа, воспроизводящая текст, который вы задаете. Для настройки звучания голоса доступны следующие инструменты: pitch, speed, modulation и cascade. Программа является полностью бесплатной.')
GO
INSERT [dbo].[Plugins] ([PluginId], [PluginName], [ProducerId], [TypePluginId], [PackageId], [Cost], [Description]) VALUES (54, N'VoCoGaTe', 11, 3, 1, 0, N'VoCoGaTe - плагин, созданный для обработки вокальных семплов, а именно: позволяет изменять высоту тона и обрабатывать их гейтером. Для множества параметров, значения можно генерировать хаотично (при помощи кнопки "random"), что помогает создавать уникальные патчи. Этот плагин нельзя назвать простым в плане его программирования, но, тем не менее, с его помощью можно добиться весьма интересных результатов, при наличии терпения и усердия конечно.

VoCoGaTe - плагин, созданный для обработки вокальных семплов, а именно: позволяет изменять высоту тона и обрабатывать их гейтером. Для множества параметров, значения можно генерировать хаотично (при помощи кнопки "random"), что помогает создавать уникальные патчи. Этот плагин нельзя назвать простым в плане его программирования, но, тем не менее, с его помощью можно добиться весьма интересных результатов, при наличии терпения и усердия конечно.

')
GO
INSERT [dbo].[Plugins] ([PluginId], [PluginName], [ProducerId], [TypePluginId], [PackageId], [Cost], [Description]) VALUES (55, N'RoVee ', 7, 7, 1, 0, N'RoVee - простой плагин для тонкой тоновой настройки голоса. Может превращать тембр голоса в мужской, женский и в "голос робота" благодаря ручной настройке высоты тона и параметра "formant".')
GO
INSERT [dbo].[Plugins] ([PluginId], [PluginName], [ProducerId], [TypePluginId], [PackageId], [Cost], [Description]) VALUES (56, N'Hot Robot Vocoder ', 6, 9, 1, 0, N'Hot Robot Vocoder - как видно из названия плагина, это софтовый вокодер, написанный на языке программирования С# и требующий в связи с этим установленный "NET 4.0". В отличие от других вокодеров, в данном плагине полосы вокодера можно менять как душе угодно для достижения необходимого эффекта. К слову, всего полос можно создать до 40 штук.')
GO
INSERT [dbo].[Plugins] ([PluginId], [PluginName], [ProducerId], [TypePluginId], [PackageId], [Cost], [Description]) VALUES (57, N'Vocalizer', 9, 5, 1, 566, N'Вы можете конвертировать любой звук в подобие человечески-голосового.Эффективно применять характеристики человеческого голоса.




Интуитивное управление графическим интерфейсом с XY-пэда. Силой эффекта, гласными можно управлять только с XY-пэда. Доступны паттерны как для мужского, так и женского голосов.')
GO
INSERT [dbo].[Plugins] ([PluginId], [PluginName], [ProducerId], [TypePluginId], [PackageId], [Cost], [Description]) VALUES (58, N'Loris EDP Cadillac', 6, 4, 1, 0, N'Продукт является бесплатным VST-плагином и автономным приложением. Он эмулирует гитарные звуки 60-х и 70-х годов и идеально подходит для старинных песен. Здесь нет жужжащих перегруженных звуков и тяжести хэви-метала. Кроме того, программа обладает низкой задержкой и маленьким потреблением ресурсов.')
GO
INSERT [dbo].[Plugins] ([PluginId], [PluginName], [ProducerId], [TypePluginId], [PackageId], [Cost], [Description]) VALUES (59, N'Flextron', 5, 0, 3, 0, N'Flextron – это виртуальный аналоговый гитарный усилитель сделанный для KVR DC14. Он основан на концепции гибридной гитарной педали искажения. Прототип педали в свою очередь был основан на двух коммерческих технологиях эмуляции лампы - FlexWave от Crate и Cooltron от VOX.')
GO
INSERT [dbo].[Plugins] ([PluginId], [PluginName], [ProducerId], [TypePluginId], [PackageId], [Cost], [Description]) VALUES (60, N'Musical Entropy Guitar Gadgets ', 2, 8, 1, 0, N'Бесплатный сборник «ложных» аналоговый гитарных педалей, сделанных в основном, для использования с электрическими гитарами и моделирования гитарных усилителей, но которые могут также выдавать интересный звук в любой ситуации.




В центре внимания здесь было не проектировать классические эффекты, но подчеркнуть их странные, некрасивые и другие стороны, вместо стандартных.')
GO
INSERT [dbo].[Plugins] ([PluginId], [PluginName], [ProducerId], [TypePluginId], [PackageId], [Cost], [Description]) VALUES (61, N'Ace', 9, 4, 0, 76, N'Ace является цифровой эмуляцией легендарного усилителя 1950-х, американского, полностью лампового, твидового 5-ваттника. Разработчики добавили к модели два из наиболее распространённых модов для усилителей: регулировка величины обратной связи и сетку стопорных резисторов, оба из которых могут быть отключены для оригинального звучания усилителя.')
GO
INSERT [dbo].[Plugins] ([PluginId], [PluginName], [ProducerId], [TypePluginId], [PackageId], [Cost], [Description]) VALUES (62, N'DSK Dynamic Guitars', 4, 3, 1, 0, N'Бесплатный VST-плагин гитары. DSK Dynamic Guitars предлагает 3 высококачественные гитары (акустическая, стил и нейлон) с большим реализмом и динамическими характеристиками.')
GO
INSERT [dbo].[Plugins] ([PluginId], [PluginName], [ProducerId], [TypePluginId], [PackageId], [Cost], [Description]) VALUES (63, N'Klanghelm', 6, 5, 1, 65, N'Делая много различных возможных стилей компрессии, это - общий характер, может быть описан как: ясный, гладкий, открытый, отличный. Главная цель, проектируя DC8C состояла в том, чтобы получить очень чистое действие компрессора без нежелательного и часто почти unevitable артефакты/искажение. Этим путем Вы можете достигнуть почти невидимого сжатия для своих наиболее требовательных сессий освоения, когда Вы хотите избежать окраски.')
GO
INSERT [dbo].[Plugins] ([PluginId], [PluginName], [ProducerId], [TypePluginId], [PackageId], [Cost], [Description]) VALUES (64, N'Voxengo TransGainer 1.3', 11, 4, 1, 0, N'Voxengo TransGainer 1.3 - аудио AU и плагин VST, подходящий для широкого диапазона профессионального музыкального производственного использования, осуществляет алгоритм регулирования конверта аудиосигнала, который воздействует на переходные процессы, а не на уровне громкости сигнала. Этот алгоритм позволяет Вам регулировать уровень атаки и выдерживать стадии любых звуков, на которых Вы используете это.')
GO
INSERT [dbo].[Plugins] ([PluginId], [PluginName], [ProducerId], [TypePluginId], [PackageId], [Cost], [Description]) VALUES (65, N'Focusrite', 8, 9, 1, 755, N'Focusrite - Scarlett Plugin Suite - профессиональный набор плагинов, который обеспечивает категорический набор Компрессии, Gating, Эквалайзера и Реверберации для мастеринга и миксинга. Scarlet включает самые популярные форматы включая VST/AU и RTAS (Pro Tools). С одного из самых престижных имен в про аудио, сделанном известным оригинальным Red диапазоном и классическими модулями пульта ISA, этот набор плагинов обеспечивает прекрасную модернизацию.')
GO
INSERT [dbo].[Plugins] ([PluginId], [PluginName], [ProducerId], [TypePluginId], [PackageId], [Cost], [Description]) VALUES (66, N' Midnight Plugin Suite', 9, 3, 1, 766, N'Focusrite - Midnight Plugin Suite - новый набор программного расширения от Focusrite берет два из большинства культовых модулей Focusrite всего времени – ISA110 эквалайзер и компрессор ISA130; моделирует их звук точно с мощной технологией DSP; и дает им изящные, функциональные передние панели на экране, которые делают их простотыми в использовании. Теперь Вы можете добавить, что подлинный, классический Focusrite звучит в Вашим собственных трекам по цене.')
GO
INSERT [dbo].[Plugins] ([PluginId], [PluginName], [ProducerId], [TypePluginId], [PackageId], [Cost], [Description]) VALUES (67, N'Alpha Compressor ', 3, 2, 1, 0, N'Плагин Alpha Compressor - перевоплощение программного обеспечения нашего известного мастеринга с компрессором. Это дает Вам кропотливую эмуляцию звука и показывает аппаратные средства, известен и популярен запрограммированным кодексом экспертами от Brainworx.')
GO
INSERT [dbo].[Plugins] ([PluginId], [PluginName], [ProducerId], [TypePluginId], [PackageId], [Cost], [Description]) VALUES (68, N'Ozone 5 Advanced ', 5, 5, 3, 0, N'iZotope Ozone 5 Advanced - плагин для мастеринга. Процесс мастеринга с диапазонами от исправления ошибок, сделанных в миксе к подготовке записи для цели, слушая треки. Как заключительный блеск плаща, мастеринг имеет значение между хорошо звучащим миксом и профессиональным звуковым мастером. Когда Вы готовы к мастерингу, Ozone - все, в чем Вы нуждаетесь.')
GO
INSERT [dbo].[Plugins] ([PluginId], [PluginName], [ProducerId], [TypePluginId], [PackageId], [Cost], [Description]) VALUES (69, N'Drumformer', 11, 4, 1, 0, N'Voxengo Drumformer - это многополосный драм и мастер плагин динамической обработки трека для профессиональной музыки и аудио производственных композиций. Drumformer был разработан, чтобы быть всесторонним решением для самого широкого диапазона звуковых задач обработки, разрешая Вам легко реализовать почти любую идею обработки динамики, которая встанет перед Вами.')
GO
INSERT [dbo].[Plugins] ([PluginId], [PluginName], [ProducerId], [TypePluginId], [PackageId], [Cost], [Description]) VALUES (70, N'Gallien Krueger Amplification 2 Pro', 6, 10, 1, 0, N'Audiffex - Gallien Krueger Amplification 2 Pro - результат сотрудничества между Gallien-Krueger, компанией лидером басового механизма, и Audiffex. В результате - 3 типа амперов, 3 типа спикеров и 8 типа микрофонов.')
GO
INSERT [dbo].[Plugins] ([PluginId], [PluginName], [ProducerId], [TypePluginId], [PackageId], [Cost], [Description]) VALUES (71, N'Twisted Tools Buffeater 1.2', 7, 5, 1, 0, N'Twisted Tools Buffeater 1.2 - динамический, гранулированный мультиэффект в реальном времени для всех версий Reaktor 5. Эффект работает, захватив живое аудио и храня это во временном буфере, который учитывает работу в режиме реального времени поступающего аудио, используя гранулированный синтез и другие методы.')
GO
INSERT [dbo].[Plugins] ([PluginId], [PluginName], [ProducerId], [TypePluginId], [PackageId], [Cost], [Description]) VALUES (72, N'Twisted Tools Rolodecks 1.03', 6, 7, 1, 0, N'Ext (короткий для внешнего эффекта), присваиваемая щель эффектов, давая Вам способность вставить Ваши собственные эффекты и автоматизировать их! С щелью эффекта Расширения Вы можете действительно сделать Rolodecks уникальным, добавляя Ваш собственный аромат. Чтобы завершить это, we’ve вставил гранулированный эффект под названием как эффект EXT по умолчанию, но не стесняйтесь обменивать это для Вашего собственного.')
GO
INSERT [dbo].[Plugins] ([PluginId], [PluginName], [ProducerId], [TypePluginId], [PackageId], [Cost], [Description]) VALUES (73, N'Sonnox ', 8, 8, 1, 999, N'Sonnox создавалась более восемнадцати месяцев, теперь можно сказать о том, что сделан новый шаг реставрационных технологиях. Его передовые алгоритмы позволяют быстро и эффективно удалять клики, трески, царапины, гул, гудки и посторонние шумы практически из любой записи. Все три программы имеют подробную графическую обратную связь, и включают в себя новые функции для восстановления области, такие как специализированный режим диалога в DeClicker.')
GO
INSERT [dbo].[Plugins] ([PluginId], [PluginName], [ProducerId], [TypePluginId], [PackageId], [Cost], [Description]) VALUES (74, N'Oxford Plug-ins', 8, 8, 1, 999, N'Oxford Plug-ins заработали репутацию мирового класса своей высококачественной обработки, контроля за точностью и интуитивных графических интерфейсов.Sonnox Elite Collection содержит семь мощных плагинов смешивания, используемых бесчисленными профессионалами во всем мире. Не тратьте впустую деньги или время, собирая Oxford плагины один за другим, экономьте массивные 40 % от отдельных цен, покупая их как Sonnox Elite Collection.')
GO
INSERT [dbo].[Plugins] ([PluginId], [PluginName], [ProducerId], [TypePluginId], [PackageId], [Cost], [Description]) VALUES (75, N'VSC-2 ', 2, 2, 1, 6000, N'Сделанный в тесном сотрудничестве с Brainworx, и основанный на Vertigo “Big Impact Design”. Плагин VSC-2 получает все прекрасные нюансы этого ведущего компрессора VCA за 6 000$.')
GO
INSERT [dbo].[Plugins] ([PluginId], [PluginName], [ProducerId], [TypePluginId], [PackageId], [Cost], [Description]) VALUES (76, N'TransGainer 1.2', 11, 4, 1, 0, N'Voxengo TransGainer 1.2 - аудио AU и плагин VST, подходящий для широкого диапазона профессионального музыкального производственного использования, осуществляет алгоритм регулирования конверта аудиосигнала, который воздействует на переходные процессы, а не на уровне громкости сигнала. Этот алгоритм позволяет Вам регулировать уровень атаки и выдерживать стадии любых звуков, на которых Вы используете это.')
GO
INSERT [dbo].[Plugins] ([PluginId], [PluginName], [ProducerId], [TypePluginId], [PackageId], [Cost], [Description]) VALUES (77, N'WaveMachine Labs Drumagog Platinum 5', 6, 5, 1, 0, N'WaveMachine Labs Drumagog Platinum 5 служит для автоматической замены / корректирования звучания семплов в драм треках. Среди наиболее востребованных усовершенствований Drumagog - сэмплерное выравнивание. В то время как Drumagog 4 автоматически выравнивает алгоритм, сделал справедливую работу, сэмплы иногда страдали от проблем фазы, особенно когда смешано с оригинальным треком. Drumagog 5 новый Auto Align 2.0 (Автоматический Выравниватель 2.0).')
GO
INSERT [dbo].[Plugins] ([PluginId], [PluginName], [ProducerId], [TypePluginId], [PackageId], [Cost], [Description]) VALUES (78, N'Mildon HC38 Headphone Calibrato', 8, 9, 1, 676, N'Mildon HC38 Headphone Calibrator работает, моделируя несколько аспектов контроля в окружающей среде помещения, включая crossfeed, звуковое поглощение, и отражение. Crossfeed может быть быстро приспособлен, устанавливая соответствующее расстояние между спикерами, и точно настраивал использование микшера Crossfeed. Звуковое поглощение и отражение могут быть быстро приспособлены, выбирая из 6 представительных площадок и моделей материала обращения помещения.')
GO
INSERT [dbo].[Plugins] ([PluginId], [PluginName], [ProducerId], [TypePluginId], [PackageId], [Cost], [Description]) VALUES (79, N'Prodyon POLYPITCH', 9, 5, 1, 500, N'Prodyon POLYPITCH использует в реальном времени аудио-вход с вашей рабочей станции для создания уникальных и неслыханных текстур с ветерком! Просто говорите в микрофон, давайте бит или синтезатор работает в фоновом режиме - POLYPITCH сделает воспроизводение мгновенно.')
GO
INSERT [dbo].[Plugins] ([PluginId], [PluginName], [ProducerId], [TypePluginId], [PackageId], [Cost], [Description]) VALUES (80, N'Prodyon Enchoir 1.6 ', 10, 7, 0, 0, N'Prodyon Enchoir 1.6 генерирует до шести голосов вокальным процессор-гармонизатором, используя умные методы кодирования речевых сигналов, которые бегут гладко на заднем плане, в то время как Вы поете и играете. Просто нажмите ноты или аккорды на Вашей клавиатуре, и пойте в Ваш микрофон - ENCHOIR сделает остальных. Prodyon Enchoir создан для непревзойденного реалистического хора, но для эффективного бэк-вокала и/или футуристического материала для современного создания музыки.

')
GO
INSERT [dbo].[Plugins] ([PluginId], [PluginName], [ProducerId], [TypePluginId], [PackageId], [Cost], [Description]) VALUES (81, N'Blue Cat Audio All Plug-ins Pack', 8, 8, 1, 500, N'Blue Cat Audio All Plug-ins Pack - "Полная коллекция плагинов". Этот пакет содержит всю коммерческую коллекцию плагинов Blue Cat Audio.')
GO
INSERT [dbo].[Plugins] ([PluginId], [PluginName], [ProducerId], [TypePluginId], [PackageId], [Cost], [Description]) VALUES (82, N'Voxengo LF Max Punch ', 11, 3, 1, 0, N'Voxengo LF Max Punch является профессиональным аудио эффектом AU и плагин VST для музыки и звучит, где низкочастотный удар и удар наиболее приветствуются, и где искажение применено определенно, чтобы привести басовый звук в чувство. Voxengo LF Max Punch обеспечивает низкочастотный эффект, особенно разработанный для серьезных современных музыкальных продюсеров, предлагающих им удобный инструмент для того, чтобы применить гладкий удар и физическую привлекательность.')
GO
SET IDENTITY_INSERT [dbo].[Plugins] OFF
GO
SET IDENTITY_INSERT [dbo].[DAWs] ON 
GO
INSERT [dbo].[DAWs] ([DAWId], [DAWName], [ProducerId], [Cost], [Description]) VALUES (7, N'REAPER', 3, 19000, N'REAPER (аббр. от англ. Rapid Environment for Audio Production, Engineering, and Recording) — DAW (Digital Audio Workstation — Цифровая Рабочая Аудио Станция), программная среда для аудио производства, записи и аудио инженеринга. Аудиостанция обладает широкими функциональными возможностями и является развитой, профессиональной рабочей системой для создания, записи, редактирования и микширования аудио и MIDI материала, а также мастеринга композиций. При этом программа имеет относительно небольшие размеры.')
GO
INSERT [dbo].[DAWs] ([DAWId], [DAWName], [ProducerId], [Cost], [Description]) VALUES (8, N'FL Studio', 2, 70000, N'FL Studio (ранее — Fruity Loops) — цифровая звуковая рабочая станция (DAW) и секвенсер для написания музыки. Музыка создаётся путём записи и сведения аудио- или MIDI-материала. Готовая композиция может быть записана в формате WAV, MP3 или OGG.')
GO
INSERT [dbo].[DAWs] ([DAWId], [DAWName], [ProducerId], [Cost], [Description]) VALUES (9, N'Cubase', 4, 45000, N'Cubase впервые выпущен в 1989 году Карлом Штайнбергом (нем. Karl Steinberg) и Манфредом Рюрупом (нем. Manfred Rürup), основавшими компанию Steinberg. В 1996 году компания создала и внедрила технологию VST (Virtual Studio Technology), ставшую революцией в производстве и создании программных эффектов, значительно удешевив и упростив процесс работы с ними. Технология VST позволяет обрабатывать цифровой сигнал в реальном времени, что стало откровением для музыкантов.

В 1998 году Propellerhead совместно со Steinberg выпустили совместную технологию ReWire (версия 1.0), позволяющую встроить первый программный VA-синтезатор ReBirth в секвенсор Cubase. Годом позднее выпущен протокол ReWire 2.0, обеспечивающий синхронизацию любых секвенсоров в рамках бесплатно распространяемого SDK. Позднее, после совместных разработок, Propellerhead передал наброски будущего стандарта VSTi в пользу Steinberg, и с 1999 года VSTi-технология внедрена в Cubase как стандартная возможность.')
GO
INSERT [dbo].[DAWs] ([DAWId], [DAWName], [ProducerId], [Cost], [Description]) VALUES (10, N'Ableton Live', 5, 37000, N'Ableton Live — программное обеспечение для музыкантов. Программа используется как для студийной работы (аранжировка, сведение), так и для живой игры (импровизация, DJ-инг), и имеет два режима: «Arrangement View» и «Session View». В режиме «Arrangement» создание композиции происходит путём расстановки музыкальных фрагментов («клипов») на временной шкале (как во многих других секвенсорах, например, Steinberg Cubase, Logic Studio, Cakewalk Sonar). Режим «Session» позволяет воспроизводить клипы в произвольном непрописанном заранее порядке и составлять композицию в режиме реального времени.

Live поддерживает различные технологии вывода звука (ASIO, Core Audio), звуковых плагинов (VST, Audio Units) и технологию Rewire. Также программа имеет несколько собственных инструментов, необходимый набор аудиоэффектов и библиотеку пресетов для них.')
GO
INSERT [dbo].[DAWs] ([DAWId], [DAWName], [ProducerId], [Cost], [Description]) VALUES (11, N'Sonar', 6, 33000, N'Cakewalk Sonar — программная цифровая звуковая рабочая станция, предназначенная для записи, редактирования, сведения музыки и видео. Обладает гибкими возможностями для изменения и коррекции аудиоматериала. Название программы происходит от названия англ. sonar («гидролокатор»), образованного от англ. Sound Navigation And Ranging.

Программный продукт разрабатывается американской компанией Cakewalk[en] (до 2008 года — Twelve Tone Systems, с 2008 года контрольный пакет в компании принадлежит корпорации Roland).

Основные возможности программы:

многоканальная запись и неразрушающее редактирование MIDI-сообщений;
поддержка многоядерных процессоров;
обработка звука с двойной точностью (64 бит);
автоматизация практически всех параметров с помощью огибающих и MIDI-сообщений;
неограниченное количество треков;
подключение внешних устройств: микшеры, MIDI-контроллеры и т. д.;
гибкая маршрутизация сигнала;
технология фирмы Roland — V-vocal для независимого редактирования параметров вокала (сдвиг, форманта, период);
качественные стерео- и объёмные эффекты от фирм Sonitus, Voxengo, Kjaerhus Audio;
поддержка форматов инструментов: DX/DXi, VST/VSTi, ReWire;
редактируемое меню выбора инструментов и эффектов;
технология ACT (Active Controller Technology, управление виртуальными инструментами и эффектами и сопоставление с конкретным аппаратным контроллером);
технология AudioSnap;
язык сценариев (CAL — Cakewalk Application Language);
«заморозка» треков (англ. freeze);
использование drag-and-drop для быстрой смены маршрутизации сигнала между эффектами и для копирования эффектов (например, с одного трека на шину или на другой);
сохранение настроек трека вместе с эффектами и инструментами в виде пресета — Track Template Files (*.cwx).
Графический интерфейс пользователя на английском языке и в целом оптимизирован для мониторов с высоким разрешением не менее Full HD. На мониторах с невысокой разрешающей способностью, элементы интерфейса выглядят чрезмерно крупными. Цена программы варьируется в зависимости от комплекта — от дорогого студийного варианта до относительно дешёвого любительского.

В ноябре 2017 года компания Cakewalk сообщила о том, что прекращает разработку продукта.')
GO
SET IDENTITY_INSERT [dbo].[DAWs] OFF
GO
SET IDENTITY_INSERT [dbo].[LibrarySamples] ON 
GO
INSERT [dbo].[LibrarySamples] ([LibrarySampleId], [LibraryName], [ProducerId], [Format], [Cost], [Description]) VALUES (1003, N'Electro Disco Funk Guitars', 9, N'WAV', 100, N'Electro Disco Funk Guitars от Fox Samples это новый удивительный продукт, который сделает ваши треки хитами. Если вы ищите живые диско фанковые гитары, которые подойдут для ваших следующих электро фанк треков.')
GO
INSERT [dbo].[LibrarySamples] ([LibrarySampleId], [LibraryName], [ProducerId], [Format], [Cost], [Description]) VALUES (2004, N'Edm Funk Guitars ', 9, N'WAV', 200, N'Edm Funk Guitars от Fox Samples это новый удивительный набор, который сделает вашу следующую запись хитом! Если вы ищите фанковые гитары для ваших следующих электро и Edm треков, то здесь вы найдете то, что искали.')
GO
INSERT [dbo].[LibrarySamples] ([LibrarySampleId], [LibraryName], [ProducerId], [Format], [Cost], [Description]) VALUES (2005, N'''Total Blues''', 7, N'WAV', 20, N'''Total Blues'' содержит 1 ГБ настоящего Блюза, 330 лупов и основ и 200 хитовых инструментов, прекрасное решение для добавления красивых блюзовых инструментальных элементов к твоему аудио производству. Как сказал великий Willie Dixon:"Блюз - корни, вся другая музыка - фрукты".')
GO
INSERT [dbo].[LibrarySamples] ([LibrarySampleId], [LibraryName], [ProducerId], [Format], [Cost], [Description]) VALUES (2006, N'Drumstep Invasion', 8, N'WAV', 0, N'Freaky Loops представляют свой новый набор Drumstep Invasion для продюсеров Drum ''n'' Bass и Dubstep. Внутри вы найдете 900 Мб сэмплов и лупов энергичных басов, супер пробивных ударных, ритмических аккордов, диких арпеджио, текстур и эффектов. Этот набор подойдет не только для Drumstep, но также и для Dubstep, Electro-break, DnB и других жанров.')
GO
INSERT [dbo].[LibrarySamples] ([LibrarySampleId], [LibraryName], [ProducerId], [Format], [Cost], [Description]) VALUES (2007, N'Shocking Build-Up Effects 3', 3, N'WAV', 36, N'Shocking Build-Up Effects 3 представляет собой подборку из 100 свежих и потрясающих эффектов от Vandalism. Этот набор приносит вам невероятные upfilters, downfilters и fills эффекты, все подготовленные для создания максимального напряжения в ваших треках.')
GO
INSERT [dbo].[LibrarySamples] ([LibrarySampleId], [LibraryName], [ProducerId], [Format], [Cost], [Description]) VALUES (2008, N' Samplephonics', 9, N'WAV', 35, N'Эта аутентичная библиотека кубинской перкуссии содержит множество заводных ритмов, которые добавят движение в вашу музыку. Внутри вы найдете широкий выбор традиционных и современных афро-кубинских грувов с темпом 100, 110, 129, 150 и 170bpm, в том числе конга, бонго, рамочный барабан, джун, гуиро, шейкеры, колокольчики, джембе и многое другое.')
GO
INSERT [dbo].[LibrarySamples] ([LibrarySampleId], [LibraryName], [ProducerId], [Format], [Cost], [Description]) VALUES (2009, N'Sensual Piano', 5, N'WAV', 0, N'Sensual Piano от Nano Musik Loops содержит 12 комплектов с удивительными мелодиями фортепиано и MIDI файлами для продюсеров Ambient, Chillout и Pop, ищущих мелодическое вдохновение. В дополнение к этому вы также найдете REX2 лупы для дополнительной гибкости; идеально подходящие для измельчения, нарезки и перестановки.')
GO
INSERT [dbo].[LibrarySamples] ([LibrarySampleId], [LibraryName], [ProducerId], [Format], [Cost], [Description]) VALUES (2010, N'Exotic Bansuri ', 10, N'WAV', 55, N'Exotic Bansuri 3 представляет вам 60 мелодических линий, исполненных на бансури, знаменитой традиционной индийской бамбуковой флейте, и записанных профессиональным музыкантом в современном индийском стиле. Эти лупы могут быть использованы в различных жанрах, включая Ambient, Chillout, Pop, Fusion, Trance, Experimental, Cinematic, народная музыка и многие другие.')
GO
INSERT [dbo].[LibrarySamples] ([LibrarySampleId], [LibraryName], [ProducerId], [Format], [Cost], [Description]) VALUES (2011, N'Activa Trance Essentials Vol.2 ', 8, N'WAV', 0, N'Activa Trance Essentials Vol.2 являются долгожданным продолжением Activa Trance Essentials, одного из самых успешных продуктов в рамках продукции Freshly Squeezed Samples. Однако, время это больше и лучше, чем прежде, содержа совершенно новую коллекцию вдохновляющих bassline loops, bass hits and multi-samples, construction kits and MIDI kits, percussion loops, drum hits, FX, synth loops and hits, remix kits, и – новинку для Activa – каталог для Sylenth1.')
GO
INSERT [dbo].[LibrarySamples] ([LibrarySampleId], [LibraryName], [ProducerId], [Format], [Cost], [Description]) VALUES (2012, N'Zen Ambient 2', 8, N'WAV', 0, N'Loopmasters - Zen Ambient 2 , глубокая коллекция богатых, мелодичных звуков , показывающих гипнотические ритмы , естественных резонансов и гармонические обертоны , созданных исключительно для Loopmasters перкуссионист Ральф Cree.Zen Ambient 2 приносит вам естественно умиротворяющие звуки Ханг Драм, Rammerdrum , Sansula , Фортепиано гитара , саксофон , бас-гитара ,Цимбалы и многое другое.')
GO
INSERT [dbo].[LibrarySamples] ([LibrarySampleId], [LibraryName], [ProducerId], [Format], [Cost], [Description]) VALUES (2013, N'Road Riders', 4, N'WAV', 20, N'Road Riders приносит новый поворот на то, что вы обычно ожидаете услышать от мотоцикла. С акцентом на захват уникального звучания более дорогих мотоциклов Ducati, в 2012 Ducati Panigale и 2011 Ducati Monster, эти титаны имеют уникальный звук, который может быть использован для многих вещей, помимо мотоциклов, в том числе космических кораблей, и целый ряд других научно-фантастических транспортных средств.')
GO
INSERT [dbo].[LibrarySamples] ([LibrarySampleId], [LibraryName], [ProducerId], [Format], [Cost], [Description]) VALUES (2014, N' Deep House Vocals ', 11, N'WAV', 58, N'Producer Loops - Deep House Vocals является последним в этой серии бестселлеров House вокальных сэмплерных пакетов, принося вам пять полнофункциональных комплектов, полные вокальных выступлений и индивидуальных вокальных фраз, предназначенных для нарезки, переоформления, чтобы соответствовать вашему следующему производству Deep House.')
GO
INSERT [dbo].[LibrarySamples] ([LibrarySampleId], [LibraryName], [ProducerId], [Format], [Cost], [Description]) VALUES (2015, N'Sample Magic', 2, N'WAV', 500, N'Sample Magic вернулись с новой отличительной коллекцией EDM сэмплов, экспертно созданных для озвучивания крупнейших фестивалей, арен и клубов по всему миру. Весом почти в 1 ГБ, EDM содержит 24-bit Wav лупы и сэмплы для house, electro и progressive, включая ударные, топ-лупы, музыкальные лупы, басы, синтезаторы, one-shot сэмплы и эффекты.')
GO
INSERT [dbo].[LibrarySamples] ([LibrarySampleId], [LibraryName], [ProducerId], [Format], [Cost], [Description]) VALUES (2016, N'Hip Hop & RnB: Producer Pack 1', 6, N'WAV', 379, N'Hip Hop & RnB: Producer Pack 1 - библиотека с впечатляющим объемом (2.5GB) содержащая более 1700 файлов, записанных в 24 битном качестве. Pack 1 содержит все что необходимо Hip Hop продюсеру, от ударных и лупов перкуссии до инструментов и эффектов в форматах WAV и REX.')
GO
INSERT [dbo].[LibrarySamples] ([LibrarySampleId], [LibraryName], [ProducerId], [Format], [Cost], [Description]) VALUES (2017, N'Funk and Soul Guitar', 5, N'WAV', 0, N'Funk and Soul Guitar содержит коллекцию лупов и сэмплов гитары, вдохновленные великими музыкантами, включая Jimmy Nolan Ray Parker Jr, Wah Wah Watson, Nile Rodgers, Roland Bautista, Leo Nocentelli, Al Mckay, Tony Maiden, Ernie Isley и David T Walker. При записи использовались гитары Fender Strat Lone Star и Gibson 335. Сэмплы подойдут для funk, soul, rnb, jazz, house, hiphop, chillout и pop.')
GO
INSERT [dbo].[LibrarySamples] ([LibrarySampleId], [LibraryName], [ProducerId], [Format], [Cost], [Description]) VALUES (2018, N'Nu Disco', 9, N'WAV', 59, N'Эта фанковая коллекция сэмплов заполнена сочными Nu Disco лупами и сэмплами, вдохновленными золотой эрой диско и приправленными плотным Deep House звуком, и ожидающими, чтобы придать элегантности и внести магию в ваши проекты. Включая 30 комплектов и более 800 МБ материала, этот удивительный House и Disco набор содержит акустические ударные, фразы гитар, сверкающие синтезаторы, струнные и аккорды фортепиано.')
GO
INSERT [dbo].[LibrarySamples] ([LibrarySampleId], [LibraryName], [ProducerId], [Format], [Cost], [Description]) VALUES (2019, N'oulful Brass Constructions', 7, N'WAV', 65, N'Soulful Brass Constructions это вкусная коллекция лучших сэмплов трубы, флюгельгорна, медных духовых инструментов , прекрасно организованных в комплекты Эта коллекция может легко быть адаптирована к любому жарну, от фанка и джаза до хип-хопа, DnB и дабстепа.')
GO
INSERT [dbo].[LibrarySamples] ([LibrarySampleId], [LibraryName], [ProducerId], [Format], [Cost], [Description]) VALUES (2020, N'Funk Guitars', 10, N'WAV', 0, N'Если вы нуждаетесь в качественных сэмплах фанковых гитар, то Funk Guitars от Organic Loops для вас. Здесь вы найдете лупы баса и фанковых гитар в темпе от 90 до 130 Bpm. Эти лупы дадут вашим трекам настоящую теплоту звука.')
GO
INSERT [dbo].[LibrarySamples] ([LibrarySampleId], [LibraryName], [ProducerId], [Format], [Cost], [Description]) VALUES (2021, N'Downtempo Trip Hop', 7, N'WAV', 500, N'Downtempo Trip Hop - органическая коллекция музыкальных петель и сэмплов, наполненная разнообразной палитрой акустических и необычных звуков, которые готовы захлестнуть ваши чувства и унести вас в другой мир. Здесь вы найдете басы, гитары, клавишные, струнные, синтезаторы, перкуссию, текстуры и эффекты.')
GO
INSERT [dbo].[LibrarySamples] ([LibrarySampleId], [LibraryName], [ProducerId], [Format], [Cost], [Description]) VALUES (2022, N'Downtempo Box', 5, N'WAV', 0, N'Downtempo Box - коллекция сэмплов для тех, кто обожает атмосферу Lounge и Ambient. Набор включает петли, одиночные сэмплы и атмосферные звуки, которые дадут вам возможность делать качественные треки. 125 петель ударных предлагают большой выбор темпа от 72 BPM до 125 BPM.')
GO
INSERT [dbo].[LibrarySamples] ([LibrarySampleId], [LibraryName], [ProducerId], [Format], [Cost], [Description]) VALUES (2023, N'Dark Neurofunk & Cinematic DnB', 8, N'WAV', 500, N'Freaky Loops рады представить новый набор Dark Neurofunk & Cinematic DnB, коллекцию мрачных, тяжелых и грязных DNB звуков с кинематографическим вкусом. Набор даст вам качественный источник звуков для создания Drum & Bass, Drumstep, Jungle, Neuro или Dubstep.')
GO
INSERT [dbo].[LibrarySamples] ([LibrarySampleId], [LibraryName], [ProducerId], [Format], [Cost], [Description]) VALUES (2024, N'Vinyl Grooves ', 10, N'WAV', 400, N'Vinyl Grooves от Fox Samples содержит 5 хип хоп комплектов с фанковыми гитарами, мелодичными саксофонами, заводными басами и уникальными ударными.')
GO
INSERT [dbo].[LibrarySamples] ([LibrarySampleId], [LibraryName], [ProducerId], [Format], [Cost], [Description]) VALUES (2025, N'Vintage Drum Breaks ', 2, N'WAV', 20, N'Vintage Drum Breaks представляет вам более 590 самых жирных, плотных , грубых лупов ударных, посыпанных летальной дозой аналоговой сатурации. Этот набор имеет все ингредиенты для добавления фанковых брейков в hip hop, disco, drum and bass, funk, soul, pop, rock, breaks и dubstep.')
GO
INSERT [dbo].[LibrarySamples] ([LibrarySampleId], [LibraryName], [ProducerId], [Format], [Cost], [Description]) VALUES (2026, N'UK Underground', 4, N'WAV', 0, N'Freaky Loops вернулись с удивительным набором под названием UK Underground & US Garage. Если вы желаете добавить дополнительный блеск в ваши треки, то этот набор для вас. Внутри вы найдете более 850 МБ garage грувов, винтажных ударных, качающих бас-линий, ретро риффов, душевых аккордовых прогрессий и атмосферных мелодических лупов, все профессионально создано и обработано, чтобы обеспечить максимальный отклик в клубе.')
GO
INSERT [dbo].[LibrarySamples] ([LibrarySampleId], [LibraryName], [ProducerId], [Format], [Cost], [Description]) VALUES (2027, N'Total Drum & Bass 6', 10, N'WAV', 20, N'Total Drum & Bass 6 это шестой набор в серии от Total Samples, который представляет вам ультра мелодический D&B материал с качественными лупами и сэмплами, которые дадут вам все необходимое для создания подлинного drum & bass трека с нуля.')
GO
INSERT [dbo].[LibrarySamples] ([LibrarySampleId], [LibraryName], [ProducerId], [Format], [Cost], [Description]) VALUES (2028, N'Melodic Guitar Hooks', 4, N'WAV', 45, N'Melodic Guitar Hooks - свежая коллекция ультра-мелодических петель гитары от Prime Loops, которая охватывает различные техники исполнения в стиле Pop, Rock и R&B. Если вам нравиться звук Gotye, Ed Sheeran и Rizzle Kicks? а также Adele и Arctic Monkeys, то эта коллекция гитарных риффов для вас.')
GO
INSERT [dbo].[LibrarySamples] ([LibrarySampleId], [LibraryName], [ProducerId], [Format], [Cost], [Description]) VALUES (2029, N'Violins: Dramatic Series', 0, N'WAV', 0, N'Violins: Dramatic Series приносит вам красивые оркестровые шедевры, которые обязательно принесут симфоническую драму пленки в вашей продукции. Увядание вы производитель музыки или нуждаются в музыкальных элементов для телевизора или кино, этот пакет даст вам звуковую элегантность и музыкальные эмоции, необходимые для Вашего производства.')
GO
INSERT [dbo].[LibrarySamples] ([LibrarySampleId], [LibraryName], [ProducerId], [Format], [Cost], [Description]) VALUES (2030, N'Clicks & Glitches Vol.3', 9, N'WAV', 400, N'Oliver Schmitt aka Sounds Of Revolution представляет Clicks & Glitches Vol.3 - третью часть в серии SOR micro series. Если вы устали от предсказуемых, безжизненных битов, этот набор является противоядием. Эти лупы приносят вам необычные щелчки, трески и глитч звуки, которые внесут жизнь в ваши биты и придадут им уникальное чувство очарования, грува и движения.')
GO
INSERT [dbo].[LibrarySamples] ([LibrarySampleId], [LibraryName], [ProducerId], [Format], [Cost], [Description]) VALUES (2031, N'Dubstep Drum Vault ', 0, N'WAV', 0, N'Dubstep Drum Vault - коллекция из более 240 жестких, современных сэмплов ударных для Dubstep, созданные под влиянием убойных битов Skrillex, Flux Pavillion, Rusko и Skream - эта коллекция накачает ваши треки настоящей энергией.')
GO
INSERT [dbo].[LibrarySamples] ([LibrarySampleId], [LibraryName], [ProducerId], [Format], [Cost], [Description]) VALUES (2032, N'Mutant Dubstep ', 0, N'WAV', 65, N'Mutant Dubstep это мрачная и зловещая коллекция безумных Dubstep ритмов, грубых синтезаторов, зловещих атмосфер, гигантские сэмплы, перкуссионные рисунки, эффекты и подклады. Эти сэмплы и лупы подойдут не только для дабстепа, но также и для DnB, Garage, EDM, Techno, саундтреков и других жанров, которым требуется добавить напряжения, агрессии и мрачности.')
GO
INSERT [dbo].[LibrarySamples] ([LibrarySampleId], [LibraryName], [ProducerId], [Format], [Cost], [Description]) VALUES (2033, N'Dub Horns Section', 8, N'WAV', 0, N'Future Loops с радостью представляют Dub Horns Section - могучую коллекцию брасс-лупов, специально выкованных для Dub и Reggae продюсеров. Dub Horns Section здесь, чтобы принести вашим проектам сладкие, живые уникальные и бархатистые гармонии. Здесь вы найдете большое разнообразие лупов и one-shot сэмплов саксофона, трубы и тромбона.')
GO
INSERT [dbo].[LibrarySamples] ([LibrarySampleId], [LibraryName], [ProducerId], [Format], [Cost], [Description]) VALUES (2034, N'Dub Horns Section 2', 8, N'WAV', 400, N'Future Loops представляют Dub Horns Section 2 - долгожданный второй том в их разгромной хитовой Dub Horns Section серии. Эта могучая коллекция сэмплов и лупов Dub и Reggae брасса содержит самые высококачественные аранжировки медных духовых, включая саксофон, тромбон и трубу, которые порадуют всех Dub и Reggae продюсеров.')
GO
INSERT [dbo].[LibrarySamples] ([LibrarySampleId], [LibraryName], [ProducerId], [Format], [Cost], [Description]) VALUES (2035, N'IDM House', 0, N'WAV', 0, N'DM House от Producer Loops это уникальная коллекция из 5 гибридных комплектов, соединяющих вместе доступные House элементы с комплексными Glitch и IDM топ лупами, все имеет неповторимую Deep House атмосферу. Вдохновленный самыми экспериментальными продюсерами, включая BT, Andrew Bayer, Four Tet и Aphex Twin.')
GO
INSERT [dbo].[LibrarySamples] ([LibrarySampleId], [LibraryName], [ProducerId], [Format], [Cost], [Description]) VALUES (2036, N'Uplifting Trance & Dance Chords ', 6, N'WAV', 0, N'Uplifting Trance & Dance Chords от Nano Musik Loops содержит 25 мелодических аккордовых прогрессий для ваших EDM проектов. Эти клубные аккорды идеально подойдут для Trance и Dance продюсеров, а благодаря MIDI файлам вы можете изменять тональность, ноты и звук.')
GO
INSERT [dbo].[LibrarySamples] ([LibrarySampleId], [LibraryName], [ProducerId], [Format], [Cost], [Description]) VALUES (2037, N'50 Summer Dance Chords', 9, N'WAV', 0, N'50 Summer Dance Chords представляет вам 50 горячих и свежих MIDI файлов. Эти мелодии великолепно подойдут для Dance, Pop, Club и R&B проектов, и представляют энергичные и качественные аккордовые прогрессии для ваших треков.')
GO
INSERT [dbo].[LibrarySamples] ([LibrarySampleId], [LibraryName], [ProducerId], [Format], [Cost], [Description]) VALUES (2038, N'Festival Chords and Melodies', 0, N'WAV', 0, N'Festival Chords and Melodies представляет вам первый мелодический набор комплектов с 25 супер захватывающими мелодиями и более 70 MIDI файлами - все готово для создания в ваших предстоящих треках. Набор включает арпеджио, басы, аккорды и лиды.')
GO
INSERT [dbo].[LibrarySamples] ([LibrarySampleId], [LibraryName], [ProducerId], [Format], [Cost], [Description]) VALUES (2039, N'Cycles & Spots ', 5, N'WAV', 0, N'Cycles & Spots вернулись с чрезвычайно полезным набором аккордов для Deep House и House продюсеров. Внутри вы набора вы найдете 150 Wav лупов и 30 MIDI файлов.')
GO
INSERT [dbo].[LibrarySamples] ([LibrarySampleId], [LibraryName], [ProducerId], [Format], [Cost], [Description]) VALUES (2040, N'Robotic Assault - Textured SFX', 8, N'WAV', 65, N'Библиотека Robotic Assault - Textured SFX содержит более 400 роботизированных разрушительных звуков. Современные звуки боя, движения воздушных судов, оружейные звуковые эффекты, текстурированные сэмплы, трансформация роботов и многое другое.')
GO
INSERT [dbo].[LibrarySamples] ([LibrarySampleId], [LibraryName], [ProducerId], [Format], [Cost], [Description]) VALUES (2041, N'ARAAB MUZIK', 10, N'WAV', 0, N'Изумительная коллекция сэмплов в формате WAV в стиле ARAAB MUZIK. Здесь есть все для создания Trap трека: Kicks, Hi-Hats, Snares и многое другое! Не хватает только Вас и Вашего энтузиазма скорее вступить в работу с ними, уже в который раз включив любимый сэмплер.')
GO
INSERT [dbo].[LibrarySamples] ([LibrarySampleId], [LibraryName], [ProducerId], [Format], [Cost], [Description]) VALUES (2042, N'Angry Dubstep Basses', 7, N'WAV', 0, N'Angry Dubstep Basses от Pakotec Samples приносит вам качественный набор Loops и Samples басов, которые будут идеально гармонировать с вашими Dubstep битами')
GO
INSERT [dbo].[LibrarySamples] ([LibrarySampleId], [LibraryName], [ProducerId], [Format], [Cost], [Description]) VALUES (2043, N'Cinematic Strings 7', 8, N'WAV', 400, N'Cinematic Strings 7 от Nano Musik Loops является захватывающим продолжением в этой чрезвычайно популярной серии , показывая Оркестровая Loops подходит для всего из фильма Забивает игры звуковых дорожек и многое другое.')
GO
INSERT [dbo].[LibrarySamples] ([LibrarySampleId], [LibraryName], [ProducerId], [Format], [Cost], [Description]) VALUES (2044, N'Laurent Veronnez aka Airwave', 0, N'WAV', 20, N'Loopmasters рады возвращению Laurent Veronnez aka Airwave с новой коллекцией вдохновляющих танцевальных брейков и битов, разработанных для продюсеров танцевальной музыки, которые желаю добавить звуковой интерес в ритм их треков. Airwave – Dance Breaks Vol2 включает более 600 пробивны лупов электронных ударных, разработанных для создания максимального воздействия в ваших треках.')
GO
INSERT [dbo].[LibrarySamples] ([LibrarySampleId], [LibraryName], [ProducerId], [Format], [Cost], [Description]) VALUES (2045, N'Dope Pack DrumKit and More', 6, N'WAV', 20, N'Dope Pack DrumKit and More это замечательный набор Hip-Hop ударных, который включает коллекцию лучших звуков, ударных, MIDI лупов (фортепиано, синтезаторы, лиды, брасс), напевов, эффектов и многое другое. Внутри вас ждут 808-е, безумные эффекты, умопомрачительные вокальные пения и многое другое, все необходимое для создания собственных битов.')
GO
INSERT [dbo].[LibrarySamples] ([LibrarySampleId], [LibraryName], [ProducerId], [Format], [Cost], [Description]) VALUES (2046, N'Cinematic Ambience ', 6, N'WAV', 0, N'Cinematic Ambience добавит напряженность, музыкальность и эмоции в ваши треки с этой абсолютно удивительной коллекцией атмосферных электронных лупов и сэмплов. Внутри этого глубокого кинематографического набора вы найдете плотные лупы ударных, сэмплы перкуссии, просторные мелодии фортепиано, эффекты, атмосферные гитары, шумные синтезаторы и многое другое.')
GO
INSERT [dbo].[LibrarySamples] ([LibrarySampleId], [LibraryName], [ProducerId], [Format], [Cost], [Description]) VALUES (2047, N'Singomakers ', 11, N'WAV', 0, N'Singomakers вернулись с 4 томом в ультра вдохновляющей и успешной серии Emotional Piano Themes. Коллекция содержит 73 WAV и 53 MIDI эмоциональных лупов фортепиано длительностью от 0:40 до 1:50. Если вы хотите добавить эмоции в ваши саундтреки, а также Ambient, Chill Out, Hip Hop, Dubstep треки, то этот набор для вас.')
GO
INSERT [dbo].[LibrarySamples] ([LibrarySampleId], [LibraryName], [ProducerId], [Format], [Cost], [Description]) VALUES (2048, N'Altered State', 8, N'WAV', 0, N'Altered State откроет глаза вашему разуму и добавит движущуюся перспективу в ваши биты с помощью этой удивительной коллекции психоделических органических звуков хип хопа и электроники. Этот глубокий эмоциональный набор содержит большую коллекцию вдохновляющих мелодий, лупов ударных и one-shot сэмплов, только ждущих, чтобы приступить к работе над вашим следующим проектом.')
GO
INSERT [dbo].[LibrarySamples] ([LibrarySampleId], [LibraryName], [ProducerId], [Format], [Cost], [Description]) VALUES (2049, N'Chill Trap Vibes ', 7, N'WAV', 65, N'Chill Trap Vibes от Laniakea Sounds водит этот новый типовой пакет содержащий пять строительных комплектов , которые включают в себя WAV Стебли и MIDI-файлы для них , содержащие Lush колодки, и яркая мелодичность. Если вы хотите , чтобы сделать новый Chillout Trap ударил этот пакет для вас. Сделайте вашу музыку более спелый с этим профессионально созданным пакетом.')
GO
INSERT [dbo].[LibrarySamples] ([LibrarySampleId], [LibraryName], [ProducerId], [Format], [Cost], [Description]) VALUES (2050, N'Future & Chill Trap Kits', 6, N'WAV', 0, N'Future & Chill Trap Kits от Function Loops представляет смесь RnB, Trap и Chillout, вдохновленную такими именами, как ODESZA, San Holo, Jack U, Diplo и многими другими. Внутри вы найдете 5 комплектов с WAV лупами, One-Shot сэмплами и MIDI файлами. Каждый комплект включает ударные, бас-линии, аккорды, арпеджио, плаки, лиды, вокал и эффекты. Мелодические лупы и бас-линии также представлены в виде MIDI файлов.')
GO
INSERT [dbo].[LibrarySamples] ([LibrarySampleId], [LibraryName], [ProducerId], [Format], [Cost], [Description]) VALUES (2051, N'13 Reloaded Deluxe Edition Package', 9, N'WAV', 0, N'The Drum Broker и Havoc представляют 13 Reloaded Deluxe Edition Package, набор, включающий новый альбом 13 Reloaded, плюс комплекты ударных, акапеллы, инструментовки и дополнительный материал.')
GO
INSERT [dbo].[LibrarySamples] ([LibrarySampleId], [LibraryName], [ProducerId], [Format], [Cost], [Description]) VALUES (2052, N'Reloaded FX', 5, N'WAV', 0, N'Reloaded FX представляет собой библиотеку Trance FX сэмплов, которая содержит буквально все эффекты, которые вам понадобятся для создания трансовых треков. Мы потратили больше года на создании этой библиотеки, которая содержит 1600 трансовых сэмплов. Вы найдете все: breakdown FX to buildups, crashes, downlifters, one shots, reverb FX, reverse FX, snare loops, stop FX, sub drops, synth sweeps, trance risers и uplifters.')
GO
INSERT [dbo].[LibrarySamples] ([LibrarySampleId], [LibraryName], [ProducerId], [Format], [Cost], [Description]) VALUES (2053, N'Chimaera', 8, N'WAV', 65, N'Chimaera это коллекция идей и материала, охватывающая более 6 летний период в студии. Deadmau5 рад представить Chimaera, набор,включающий половину его собственных уникальных бочек и половину не выпущенных MIDI мелодий - все royalty free. Вдохновитесь 73 безупречными бочками + 110 MIDI арпеджио и мелодиями и создавайте собственный хитовый трек.')
GO
INSERT [dbo].[LibrarySamples] ([LibrarySampleId], [LibraryName], [ProducerId], [Format], [Cost], [Description]) VALUES (2054, N'Sulene Fleming Vocal Session', 7, N'WAV', 0, N'Если вы ищите мягкий House вокал, укоренившийся в соуле и фанке, то Sulene Fleming Vocal Sessions для вас. Этот знойный вокал гарантированно добавит элегантность и душевность в ваши треки. Набор содержит 13 комплектов, каждый включает припев, куплеты и гармонии, которые вы можете в Funk, Soul, Deep House, RnB и EDM.')
GO
INSERT [dbo].[LibrarySamples] ([LibrarySampleId], [LibraryName], [ProducerId], [Format], [Cost], [Description]) VALUES (2055, N'Spectrality – Spatial AIR Impulses', 7, N'WAV', 0, N'Particular рады представить Spectrality – Spatial AIR Impulses, записи сверкающих камер, воздушных залов и резонирующих пространств, от крошечных уборных до пещеристых и межзвездных пространств. Вы можете использовать эти уникальные импульсы для создания великолепных реверберационных эффектов.')
GO
INSERT [dbo].[LibrarySamples] ([LibrarySampleId], [LibraryName], [ProducerId], [Format], [Cost], [Description]) VALUES (2056, N' Dubstep Fills & Drops', 9, N'WAV', 0, N'Freaky Loops представляет вам свежий набор Dubstep Fills & Drops, включающий более 800 МБ заполнений, создателей напряжения, падений, ударов, переходных и слоенных эффектов - это коллекция необходима для оживления ваших треков. Внутри вас ждут более 250 профессиональных заполнений ударных, эффектов и мелодий.')
GO
INSERT [dbo].[LibrarySamples] ([LibrarySampleId], [LibraryName], [ProducerId], [Format], [Cost], [Description]) VALUES (2057, N'Astral Trance Vocals', 6, N'WAV', 0, N'Astral Trance Vocals предлагает лучшее решение для вашего следующего Trance и Psy productions . Запись абсолютного качества , эти вокалы сделаны для ваших треков и больших сцен.')
GO
INSERT [dbo].[LibrarySamples] ([LibrarySampleId], [LibraryName], [ProducerId], [Format], [Cost], [Description]) VALUES (2058, N'Afro Tech ', 0, N'WAV', 0, N'Afro Tech содержит 2 ГБ высококачественных Afro Tech лупов и one-shot сэмплов, комплектов, MIDI файлов, пресетов, видео уроков и секретов и советов. Afro Tech это полный арсенал производственных инструментов для House продюсеров.')
GO
INSERT [dbo].[LibrarySamples] ([LibrarySampleId], [LibraryName], [ProducerId], [Format], [Cost], [Description]) VALUES (2059, N'Underground Tech-House', 11, N'WAV', 0, N'От глубоких и дабовых до техничных и качающих, Underground Tech-House представляет более 1ГБ битов, гипнотических бас грувов, аналоговых аккордов, лидов, вдохновляющих мелодических трек-стартеров, плотных перкуссионных линий, эффектов и one-shot сэмплов ударных для Tech-House и Techno продюсеров.')
GO
INSERT [dbo].[LibrarySamples] ([LibrarySampleId], [LibraryName], [ProducerId], [Format], [Cost], [Description]) VALUES (2060, N'Deep House Las Vegas', 8, N'WAV', 0, N'Deep House Las Vegas предлагает вам лучшие глубокие и мелодические хаус лупы, сэмплы, комплекты и MIDI файлы, и наполнен качающими deep house басами, лупами мелодических фортепиано, синтезаторов, мрачным вокалом, пробивными ударными и многим другим.')
GO
INSERT [dbo].[LibrarySamples] ([LibrarySampleId], [LibraryName], [ProducerId], [Format], [Cost], [Description]) VALUES (2061, N'Ableton Templates Series', 5, N'WAV', 20, N'HighLife Samples продолжает серию Ableton Templates Series с еще одним удивительным проектом для FL Studio, который подойдет как начинающим, таки профессионалам. На этот раз проект сосредоточен на Electro- Progressive Trance стиле, который вы можете услышать на радио шоу ASOT.')
GO
INSERT [dbo].[LibrarySamples] ([LibrarySampleId], [LibraryName], [ProducerId], [Format], [Cost], [Description]) VALUES (2062, N'The Blues Sessions ', 9, N'WAV', 0, N'The Blues Sessions - коллекция великолепных, аутентичных лупов, исполненные величайшими блюзовыми музыкантами. Эти исполнители работали с такими артистами, как Rory Gallagher, Davey Graham, Eric Bibb, Bert Jansch, Louisiana Red, Big Moose Walker и многими другими. Коллекция записана с использованием винтажного оборудования и микрофонов.')
GO
INSERT [dbo].[LibrarySamples] ([LibrarySampleId], [LibraryName], [ProducerId], [Format], [Cost], [Description]) VALUES (2063, N'Tropical House Songs', 0, N'WAV', 0, N'Tropical House Songs от Fox Samples это горячий набор в серии Must Have Audio, которая приносит вам летнюю атмосферу. Этот набор содержит все необходимое для создания tropical house от начала до конца. Каждый из этих 5 комплектов также содержит one-shot сэмплы и полные элементы, которые упростят вам жизнь. Всего более 2 ГБ материала для создания следующего летнего гимна.')
GO
INSERT [dbo].[LibrarySamples] ([LibrarySampleId], [LibraryName], [ProducerId], [Format], [Cost], [Description]) VALUES (2064, N'The Sound Of Hammond ', 11, N'WAV', 0, N'The Sound Of Hammond является поразительной коллекцией записей от одного из самых известных музыкальных инструментов современной эры. Играемый опытным Джазовым пианистом и записанный в профессиональных студиях, этот пакет подкрепит любую композицию с чистым старинным Soul.')
GO
INSERT [dbo].[LibrarySamples] ([LibrarySampleId], [LibraryName], [ProducerId], [Format], [Cost], [Description]) VALUES (3041, N'Textural Garage ', 7, N'WAV', 755, N'Textural Garage погружает слушателя в царство потусторонних звуковых текстур, галлюциногенных минимал битов, атмосферных ритмических элементов и записей окружающей среды. Эта коллекция сэмплов содержит оригинальные элементы для создания красивых звуковых ландшафтов, органических ритмов и эмоциональных музыкальных подложек. Коллекция объединяет в себе элементы downtempo electronica, ambient future garage, dub step, hip hop house и techno.')
GO
INSERT [dbo].[LibrarySamples] ([LibrarySampleId], [LibraryName], [ProducerId], [Format], [Cost], [Description]) VALUES (3042, N'Cinematic Textures', 8, N'WAV', 0, N'Cinematic Textures - коллекция текстурных звуковых ландшафтов для продюсеров, пишущих саундтреки, даунтемпо и эмбиент музыку, а также для использования в брейкдаунах. Используя сочетание атмосферных полевых записей, гранулярного синтеза, экспериментальных ревербераций и слоенных сэмплов, эта библиотека собирает в себе полную палитру звуковых текстур.')
GO
INSERT [dbo].[LibrarySamples] ([LibrarySampleId], [LibraryName], [ProducerId], [Format], [Cost], [Description]) VALUES (3043, N'Ultra FX Fills', 8, N'WAV', 0, N'Ultra FX Fills это инновационный набор, который содержит уникальные заполнения, созданные с использованием тонны эффектов. Набор содержит лупы, подходящие для любых музыкальных жанров - всего более 100 заполнений, которые помогут перейти вашим трекам в дроп.')
GO
INSERT [dbo].[LibrarySamples] ([LibrarySampleId], [LibraryName], [ProducerId], [Format], [Cost], [Description]) VALUES (3044, N'Frontline Producer ', 8, N'WAV', 500, N'Frontline Producer с гордостью представляет Funk and Disco Guitars, набор лупов фанковых электрогитар, эксклюзивно записанный Andy Baker. Внутри вы найдете риффы, ритмы, басы, лиды и арпеджио, которые работают вместе как взаимозаменяемые детали в удобно организованных тональностях с вариациями.')
GO
INSERT [dbo].[LibrarySamples] ([LibrarySampleId], [LibraryName], [ProducerId], [Format], [Cost], [Description]) VALUES (3045, N'Afro-Latin Percussion ', 8, N'WAV', 0, N'Afro-Latin Percussion это по-настоящему аутентичная коллекция высокоэнергичных южно-американских и карибских перкуссионных грувов, идеальные для того, чтобы приправить ваши треки, и внести латинский вкус в ваши ритм-треки. Все лупы исполнены перкуссионистом мирового класса в уникальном месте Lightship Studios, сделанной на заказ звукозаписывающей студии, расположенной на 550-тонной лодке.')
GO
INSERT [dbo].[LibrarySamples] ([LibrarySampleId], [LibraryName], [ProducerId], [Format], [Cost], [Description]) VALUES (3046, N'Epic Movie Themes 3 ', 9, N'WAV', 0, N'Epic Movie Themes 3 это вдохновляющий набор сэмплов и MIDI файлов удивительных кинематографических мелодий. Набор содержит гипнотические темы, вдохновленные такими фильмами, как Тёмный рыцарь: Возрождение легенды, Начало, Матрица , Властелин Колец , Гарри Поттер и многими другими.')
GO
INSERT [dbo].[LibrarySamples] ([LibrarySampleId], [LibraryName], [ProducerId], [Format], [Cost], [Description]) VALUES (3047, N'Liquid Trap', 5, N'WAV', 400, N'Loopmasters рады представить Liquid Trap, футуристическую коллекцию трэп грувов с жирными 808 саб басами, энергичными хэтами, снейрами, бигрум синтезаторами и эффектами, организованных в 5 комплектах с различным темпом (146, 100, 180, 145 и 150 BPM).')
GO
INSERT [dbo].[LibrarySamples] ([LibrarySampleId], [LibraryName], [ProducerId], [Format], [Cost], [Description]) VALUES (3048, N'Soprano Sax 2 ', 2, N'WAV', 0, N'Soprano Sax 2 от Zion Music приносит вам 90 мелодических лупов саксофона. Сэмплы записаны в реальном времени профессиональными музыкантами. Эти мелодии могут быть творчески использованы в различных атмосферных жанрах музыки, включая Ambient, Chillout , Pop, Fusion и Trance.')
GO
INSERT [dbo].[LibrarySamples] ([LibrarySampleId], [LibraryName], [ProducerId], [Format], [Cost], [Description]) VALUES (3049, N'Audentity ', 8, N'WAV', 0, N'Audentity - Ultimate Vocal Chops представляет собой новую концепцию и обеспечивает свежее звучание воспроизводимый набор вокальной продукции, построен для производителей , композиторов и художников.')
GO
INSERT [dbo].[LibrarySamples] ([LibrarySampleId], [LibraryName], [ProducerId], [Format], [Cost], [Description]) VALUES (3050, N'Future House ', 3, N'WAV', 0, N'Future House это вдохновляющая коллекция супер-современных звуков, которые несомненно внесут немного летних красок в серые треки. Если вам требуются фанковые ударные, глубокие заводные бас линии, пульсирующие синтезаторы и нарезанный вокал - то этот набор для вас. Этот набор подойдет для создания классически звучащего deep house или свежего EDM. Прекрасно записанные перкуссионные лупы помогут добавить дополнительный грув мощным драм-машинам.')
GO
INSERT [dbo].[LibrarySamples] ([LibrarySampleId], [LibraryName], [ProducerId], [Format], [Cost], [Description]) VALUES (3051, N'Justin and Robin 3', 4, N'WAV', 0, N'Justin and Robin 3 от Fox Samples это продолжение двух первых успешных томов серии. И снова, этот pop/rnb набор представляет собой идеальную смесь звука Justin Timberlake и Robin Thicke. Наполненный фанковыми гитарами, мелодическими аранжировками, душевными клавишными и хрустящими ударными, этот набор содержит все необходимое для создания душевных баллад.')
GO
INSERT [dbo].[LibrarySamples] ([LibrarySampleId], [LibraryName], [ProducerId], [Format], [Cost], [Description]) VALUES (3052, N'Party Anthems', 9, N'WAV', 0, N'Разорвите клубы на части и создайте выброс звукового панча с Party Anthems - универсальным набором свежих и взрывных сэмплов от Prime Loops. Разнообразие это основа данного набора, которое обеспечивает вас широким спектром профессиональных звуков для dance, trance, electro, dubstep и многих других. Набор включает все от мощных битов до синтезаторов и эффектов.')
GO
INSERT [dbo].[LibrarySamples] ([LibrarySampleId], [LibraryName], [ProducerId], [Format], [Cost], [Description]) VALUES (3053, N'Exotic Trap 2', 5, N'WAV', 0, N'Exotic Trap 2 от Fox Samples это продолжение успешного первого тома в серии, которое включает только самые горячие трэп элементы, смешанные с индийскими, арабскими и восточными звуками. Если вы поклонник уникальных звуков, то этот набор определенно для вас.')
GO
INSERT [dbo].[LibrarySamples] ([LibrarySampleId], [LibraryName], [ProducerId], [Format], [Cost], [Description]) VALUES (3054, N'Trap Drummer 25 Kits', 7, N'WAV', 0, N'Hex Loops с гордостью представляет Trap Drummer 25 Kits, свежую коллекцию из 25 барабанных строительных комплектов, в состав которых входит 140 WAV-файлов. Данная подборка семплов содержит в себе лупы в стиле таких исполнителей как Lex Luger, Waka Flocka Flames, Kanye West, Rick Ross, T.I., Chief Keef и многих других. Если Вы поклонник Trap музыки, тогда эта коллекция именно для Вас!')
GO
INSERT [dbo].[LibrarySamples] ([LibrarySampleId], [LibraryName], [ProducerId], [Format], [Cost], [Description]) VALUES (3055, N'Professor Ethnik Trap ', 5, N'WAV', 20, N'Professor Ethnik Trap это набор из 5 пылающих комплектов, разработанных, чтобы вдохновлять вас на создание аутентичных этнических трэп треков.')
GO
INSERT [dbo].[LibrarySamples] ([LibrarySampleId], [LibraryName], [ProducerId], [Format], [Cost], [Description]) VALUES (3056, N'Exotic Trap ', 3, N'WAV', 0, N'Exotic Trap от Fox Samples это новая серия, которая покорит чарты в кротчайшие сроки. Включая только самые горячие элементы Trap музыки, смешанные с индийскими, арабскими и восточными звуками, этот набор продолжает серию этнических трэп комплектов для создания ваших собственных уникальных треков.')
GO
INSERT [dbo].[LibrarySamples] ([LibrarySampleId], [LibraryName], [ProducerId], [Format], [Cost], [Description]) VALUES (3057, N'Sample Tools', 7, N'WAV', 0, N'Sample Tools и Cr2 Records представляют вам второй по счету релиз Deep Analogue House, который включает более 600 Мб убийственного аудио материала, созданного с помощью классических синтезаторов и драм-машин TB 303, Minimoog Voyager XL, Moog Sub Phatty, Moog Minitaur, Access Virus, Nord Lead 3, Juno 60, TR 808, TR 909, TR 707. Внутри вас ждут качающие бас-линии, пробивные бочки, глубокие и мелодические синтезаторы, петли винтажных ударных.')
GO
INSERT [dbo].[LibrarySamples] ([LibrarySampleId], [LibraryName], [ProducerId], [Format], [Cost], [Description]) VALUES (3058, N'Evolving Deep House', 3, N'WAV', 0, N'Evolving Deep House обеспечивает комплексное решение для производителей Deep House. Душевные звуки режущей кромки и эмоциональные мелодии . Огромные басовые линии , Испепеляющие Synths, колодки и Beats Все записанные при 122 BPM.')
GO
INSERT [dbo].[LibrarySamples] ([LibrarySampleId], [LibraryName], [ProducerId], [Format], [Cost], [Description]) VALUES (3059, N'Future House Patches', 2, N'WAV', 0, N'Future House Patches содержит более 100 мелодичных Spire пресетов для future house господства. Если вы ищите звуки в стиле EDX, Don Diablo Mr. Belt & Wezol и Oliver Heldens, то этот набор для вас. Набор заполнен жирными FM басами, мелодическими портаменто синтезаторами, эпическими trance лидами, глубокими garge аккордами, широкими подкладами и эффектами.')
GO
INSERT [dbo].[LibrarySamples] ([LibrarySampleId], [LibraryName], [ProducerId], [Format], [Cost], [Description]) VALUES (3060, N'A State Of Trance', 4, N'WAV', 500, N'Ударные   Струнные   Клавишные   Электронные   Вокальные  
Внутри этого продукта вы найдете 12 комплектов, бонусные лупы и многое другое. Вдохновленные самыми горячими мелодиями "A State Of Trance", Mark Sixma, Armin Van Buuren, Gareth Emery, AVA Recordings. Все звуки были подготовлены и обработаны опытной командой производителей, поэтому вы получите только лучшее из лучших. Этот огромный пакет содержит просто все, что нужно для создания собственных замечательных мелодий.')
GO
INSERT [dbo].[LibrarySamples] ([LibrarySampleId], [LibraryName], [ProducerId], [Format], [Cost], [Description]) VALUES (3061, N'Emotional Piano Themes', 8, N'WAV', 0, N'Singomakers вернулись с новым томом в ультра-вдохновляющей серии эмоциональных тем фортепиано Emotional Piano Themes. Коллекция включает 20 уникальных композиций фортепиано, 40 Wav лупов эмоционального фортепиано, 40 MIDI файлов и 20 полных миксов с темпом 83-180 BPM. Emotional Piano Themes Vol. 5 это великолепный инструмент для каждого продюсера, желающего добавить немного эмоций в свои треки.

')
GO
INSERT [dbo].[LibrarySamples] ([LibrarySampleId], [LibraryName], [ProducerId], [Format], [Cost], [Description]) VALUES (3062, N'Trap Terminators ', 6, N'WAV', 20, N'Trap Terminators это ошеломляющая коллекция Trap сэмплов от Singomakers, которая является ядерным оружием для каждого современного продюсера, сосредоточенного на Trap, Twerk, Future Bass и любых других вариациях трэп музыки. Эта коллекция вдохновлена треками Diplo, Yellow Claw, AWE, Baauer, Rustie, Bad Royale, Creaky Jackals, Dillon Francis, Major Lazer, Pegboard Nerds, Milo & Otis, Kill the Noise, ALESIA, Party Favor, Tisoki, Topi и многих других.

')
GO
INSERT [dbo].[LibrarySamples] ([LibrarySampleId], [LibraryName], [ProducerId], [Format], [Cost], [Description]) VALUES (3063, N' Underground Tech Loop Essentials ', 0, N'WAV', 0, N'Freshly Squeezed Samples в сотрудничестве с Rein De Boer рады представить первый продукт в новой Loop Essentials серии - Underground Tech Loop Essentials Volume 1. Включая более 150 профессионально разработанных tech/deep house лупов ударных, этот продукт содержит действительно разнообразную коллекцию лупов ударных, которые зажгут ваше вдохновение.')
GO
INSERT [dbo].[LibrarySamples] ([LibrarySampleId], [LibraryName], [ProducerId], [Format], [Cost], [Description]) VALUES (3064, N'Explosive Trap Drops', 6, N'WAV', 0, N'Explosive Trap Drops это новый монстр на трэп сцене, заполненный хитами. Zenhiser сковал его корни из различных стилей, включая Festival Trap, Melodic Trap, Trapstyle, Twerk и Hip Hop. Внутри вас ждут безумные басы, свирепые биты, завораживающие синтезаторы и атомные эффекты.')
GO
INSERT [dbo].[LibrarySamples] ([LibrarySampleId], [LibraryName], [ProducerId], [Format], [Cost], [Description]) VALUES (3065, N'Colossal Kits Vol 2', 4, N'WAV', 0, N'Colossal Kits Vol 2 предлагает массивные сотрясающие бочки, умопомрачительные снеиры, безумную перкуссию и тарелки - всего более 100 звуков ударных в формате WAV.')
GO
INSERT [dbo].[LibrarySamples] ([LibrarySampleId], [LibraryName], [ProducerId], [Format], [Cost], [Description]) VALUES (3066, N' Trap Serum Presets э', 6, N'WAV', 0, N'Patchworx 75 - Trap Serum Presets это удивительная коллекция передовых басов, лидов и эффектов для Serum. Этот новый набор в серии Patchworx посвящен современным трэп звукам и включает низкие басы, ударные, энергичные эффекты, лиды, синтезаторы, подклады, а также MIDI файлы и WAV лупы.')
GO
SET IDENTITY_INSERT [dbo].[LibrarySamples] OFF
GO
SET IDENTITY_INSERT [dbo].[Admins] ON 
GO
INSERT [dbo].[Admins] ([AdminId], [AdminName], [AdminPassword], [AdminStatus]) VALUES (0, N'admin', N'admin', 0)
GO
SET IDENTITY_INSERT [dbo].[Admins] OFF
GO
